,gender,race.ethnicity,parental.level.of.education,lunch,test.preparation.course,math.score,reading.score,writing.score,city,city_ascii,lat,lng,country,iso2,iso3
1,1,1,1,1,0,72,72,74,Tokyo,Tokyo,35.6897,139.6922,Japan,JP,JPN
2,1,2,2,1,1,69,90,88,Jakarta,Jakarta,-6.2146,106.8451,Indonesia,ID,IDN
3,1,1,4,1,0,90,95,93,Delhi,Delhi,28.66,77.23,India,IN,IND
4,0,0,0,0,0,47,57,44,Mumbai,Mumbai,18.9667,72.8333,India,IN,IND
5,0,2,2,1,0,76,78,75,Manila,Manila,14.6,120.9833,Philippines,PH,PHL
6,1,1,0,1,0,71,83,78,Shanghai,Shanghai,31.1667,121.4667,China,CN,CHN
7,1,1,2,1,1,88,95,92,São Paulo,Sao Paulo,-23.5504,-46.6339,Brazil,BR,BRA
8,0,1,2,0,0,40,43,39,Seoul,Seoul,37.56,126.99,"Korea, South",KR,KOR
9,0,3,3,0,1,64,64,67,Mexico City,Mexico City,19.4333,-99.1333,Mexico,MX,MEX
10,1,1,3,0,0,38,60,50,Guangzhou,Guangzhou,23.1288,113.259,China,CN,CHN
11,0,2,0,1,0,58,54,52,Beijing,Beijing,39.905,116.3914,China,CN,CHN
12,0,3,0,1,0,40,52,43,Cairo,Cairo,30.0561,31.2394,Egypt,EG,EGY
13,1,1,3,1,0,65,81,73,New York,New York,40.6943,-73.9249,United States,US,USA
14,0,0,2,1,1,78,72,70,Kolkāta,Kolkata,22.5411,88.3378,India,IN,IND
15,1,0,4,1,0,50,53,58,Moscow,Moscow,55.7558,37.6178,Russia,RU,RUS
16,1,2,5,1,0,69,75,78,Bangkok,Bangkok,13.75,100.5167,Thailand,TH,THA
17,0,2,3,1,0,88,89,86,Buenos Aires,Buenos Aires,-34.5997,-58.3819,Argentina,AR,ARG
18,1,1,5,0,0,18,32,28,Shenzhen,Shenzhen,22.535,114.054,China,CN,CHN
19,0,2,4,0,1,46,42,46,Dhaka,Dhaka,23.7289,90.3944,Bangladesh,BD,BGD
20,1,2,0,0,0,54,58,61,Lagos,Lagos,6.45,3.4,Nigeria,NG,NGA
21,0,3,3,1,0,66,69,63,Istanbul,Istanbul,41.01,28.9603,Turkey,TR,TUR
22,1,1,2,0,1,65,75,70,Ōsaka,Osaka,34.75,135.4601,Japan,JP,JPN
23,0,3,2,1,0,44,54,53,Karachi,Karachi,24.86,67.01,Pakistan,PK,PAK
24,1,2,5,1,0,69,73,73,Bangalore,Bangalore,12.9699,77.598,India,IN,IND
25,0,3,1,0,1,74,71,80,Tehran,Tehran,35.7,51.4167,Iran,IR,IRN
26,0,0,4,0,0,73,74,72,Kinshasa,Kinshasa,-4.3233,15.3081,Congo (Kinshasa),CD,COD
27,0,1,2,1,0,69,54,55,Ho Chi Minh City,Ho Chi Minh City,10.8167,106.6333,Vietnam,VN,VNM
28,1,2,1,1,0,67,69,75,Los Angeles,Los Angeles,34.1139,-118.4068,United States,US,USA
29,0,2,3,1,0,70,70,65,Rio de Janeiro,Rio de Janeiro,-22.9083,-43.1964,Brazil,BR,BRA
30,1,3,4,1,0,62,70,75,Nanyang,Nanyang,32.9987,112.5292,China,CN,CHN
31,1,3,2,1,0,69,74,74,Baoding,Baoding,38.8671,115.4845,China,CN,CHN
32,1,1,2,1,0,63,65,61,Chennai,Chennai,13.0825,80.275,India,IN,IND
33,1,4,4,0,0,56,72,65,Chengdu,Chengdu,30.66,104.0633,China,CN,CHN
34,0,3,2,1,0,40,42,38,Lahore,Lahore,31.5497,74.3436,Pakistan,PK,PAK
35,0,4,2,1,0,97,87,82,Paris,Paris,48.8566,2.3522,France,FR,FRA
36,0,4,0,1,1,81,81,79,London,London,51.5072,-0.1275,United Kingdom,GB,GBR
37,1,3,0,1,0,74,81,83,Linyi,Linyi,35.0606,118.3425,China,CN,CHN
38,1,3,5,0,0,50,64,59,Tianjin,Tianjin,39.1467,117.2056,China,CN,CHN
39,1,3,0,0,1,75,90,88,Shijiazhuang,Shijiazhuang,38.0422,114.5086,China,CN,CHN
40,0,1,0,0,0,57,56,57,Zhoukou,Zhoukou,33.625,114.6418,China,CN,CHN
41,0,2,0,0,0,55,61,54,Lima,Lima,-12.05,-77.0333,Peru,PE,PER
42,1,2,0,1,0,58,73,68,Hyderābād,Hyderabad,17.3667,78.4667,India,IN,IND
43,1,1,0,1,0,53,58,65,Handan,Handan,36.6116,114.4894,China,CN,CHN
44,0,1,2,0,1,59,65,66,Bogotá,Bogota,4.6126,-74.0705,Colombia,CO,COL
45,1,4,0,0,0,50,56,54,Weifang,Weifang,36.7167,119.1,China,CN,CHN
46,0,1,0,1,0,65,54,57,Nagoya,Nagoya,35.1167,136.9333,Japan,JP,JPN
47,1,0,0,1,1,55,65,62,Wuhan,Wuhan,30.5872,114.2881,China,CN,CHN
48,1,2,3,1,0,66,71,76,Heze,Heze,35.2333,115.4333,China,CN,CHN
49,1,3,0,0,1,57,74,76,Ganzhou,Ganzhou,25.8292,114.9336,China,CN,CHN
50,0,2,3,1,1,82,84,82,Tongshan,Tongshan,34.261,117.1859,China,CN,CHN
51,0,4,2,1,0,53,55,48,Chicago,Chicago,41.8373,-87.6862,United States,US,USA
52,0,4,0,0,1,77,69,68,Luanda,Luanda,-8.8383,13.2344,Angola,AO,AGO
53,0,2,2,1,0,53,44,42,Changsha,Changsha,28.1987,112.9709,China,CN,CHN
54,0,3,3,1,0,88,78,75,Fuyang,Fuyang,32.8986,115.8045,China,CN,CHN
55,1,2,5,0,1,71,84,87,Kuala Lumpur,Kuala Lumpur,3.1478,101.6953,Malaysia,MY,MYS
56,1,2,3,0,0,33,41,43,Jining,Jining,35.4,116.5667,China,CN,CHN
57,1,4,0,1,1,82,85,86,Dongguan,Dongguan,23.0475,113.7493,China,CN,CHN
58,0,3,0,1,0,52,55,49,Jinan,Jinan,36.6667,116.9833,China,CN,CHN
59,0,3,2,1,1,58,59,58,Foshan,Foshan,23.0292,113.1056,China,CN,CHN
60,1,2,5,0,0,0,17,10,Hanoi,Hanoi,21.0245,105.8412,Vietnam,VN,VNM
61,0,4,1,0,1,79,74,72,Pune,Pune,18.5196,73.8553,India,IN,IND
62,0,0,5,0,0,39,39,34,Chongqing,Chongqing,29.5628,106.5528,China,CN,CHN
63,0,0,0,0,0,62,61,55,Changchun,Changchun,43.9,125.2,China,CN,CHN
64,1,2,0,1,0,69,80,71,Zhumadian,Zhumadian,32.9773,114.0253,China,CN,CHN
65,1,3,5,1,0,59,58,59,Ningbo,Ningbo,29.875,121.5492,China,CN,CHN
66,0,1,5,1,0,67,64,61,Cangzhou,Cangzhou,38.3037,116.8452,China,CN,CHN
67,0,3,5,0,0,45,37,37,Nanjing,Nanjing,32.05,118.7667,China,CN,CHN
68,1,2,2,1,0,60,72,74,Hefei,Hefei,31.8639,117.2808,China,CN,CHN
69,0,1,0,0,0,61,58,56,Ahmedabad,Ahmedabad,23.03,72.58,India,IN,IND
70,1,2,0,1,0,39,64,57,Hong Kong,Hong Kong,22.305,114.185,Hong Kong,HK,HKG
71,1,3,2,0,1,58,63,73,Zhanjiang,Zhanjiang,21.1967,110.4031,China,CN,CHN
72,0,3,2,1,1,63,55,63,Shaoyang,Shaoyang,27.2418,111.4725,China,CN,CHN
73,1,0,0,0,0,41,51,48,Hengyang,Hengyang,26.8968,112.5857,China,CN,CHN
74,0,2,5,0,0,61,57,56,Khartoum,Khartoum,15.6031,32.5265,Sudan,SD,SDN
75,0,2,5,1,0,49,49,41,Nantong,Nantong,31.9829,120.8873,China,CN,CHN
76,0,1,0,0,0,44,41,38,Yancheng,Yancheng,33.3936,120.1339,China,CN,CHN
77,0,4,5,1,0,30,26,22,Nanning,Nanning,22.8192,108.315,China,CN,CHN
78,0,0,1,1,1,80,78,81,Xi’an,Xi'an,34.2667,108.9,China,CN,CHN
79,1,3,5,1,1,61,74,72,Shenyang,Shenyang,41.8039,123.4258,China,CN,CHN
80,1,4,4,1,0,62,68,68,Tangshan,Tangshan,39.6292,118.1742,China,CN,CHN
81,1,1,0,1,0,47,49,50,Santiago,Santiago,-33.45,-70.6667,Chile,CL,CHL
82,0,1,3,0,0,49,45,45,Zhengzhou,Zhengzhou,34.7492,113.6605,China,CN,CHN
83,0,0,2,0,1,50,47,54,Shangqiu,Shangqiu,34.4259,115.6467,China,CN,CHN
84,0,4,0,1,0,72,64,63,Yantai,Yantai,37.3997,121.2664,China,CN,CHN
85,0,3,3,0,0,42,39,34,Riyadh,Riyadh,24.65,46.71,Saudi Arabia,SA,SAU
86,1,2,2,1,0,73,80,82,Dar es Salaam,Dar es Salaam,-6.8,39.2833,Tanzania,TZ,TZA
87,1,2,2,0,0,76,83,88,Xinyang,Xinyang,32.1264,114.0672,China,CN,CHN
88,1,3,0,1,0,71,71,74,Shangrao,Shangrao,28.4419,117.9633,China,CN,CHN
89,1,0,2,1,0,58,70,67,Luoyang,Luoyang,34.6587,112.4245,China,CN,CHN
90,1,3,5,1,0,73,86,82,Bijie,Bijie,27.3019,105.2863,China,CN,CHN
91,1,2,1,1,0,65,72,74,Quanzhou,Quanzhou,24.9139,118.5858,China,CN,CHN
92,0,2,3,0,0,27,34,36,Hangzhou,Hangzhou,30.25,120.1675,China,CN,CHN
93,0,2,3,1,0,71,79,71,Miami,Miami,25.7839,-80.2102,United States,US,USA
94,0,2,0,0,1,43,45,50,Huanggang,Huanggang,30.45,114.875,China,CN,CHN
95,1,1,2,1,0,79,86,92,Maoming,Maoming,21.6618,110.9178,China,CN,CHN
96,0,2,0,0,1,78,81,82,Kunming,Kunming,25.0433,102.7061,China,CN,CHN
97,0,1,5,1,1,65,66,62,Nanchong,Nanchong,30.7991,106.0784,China,CN,CHN
98,1,4,2,1,1,63,72,70,Zunyi,Zunyi,27.705,106.9336,China,CN,CHN
99,1,3,2,0,0,58,67,62,Jieyang,Jieyang,23.5533,116.3649,China,CN,CHN
100,1,3,1,1,0,65,67,62,Lu’an,Lu'an,31.7542,116.5078,China,CN,CHN
101,0,1,2,1,0,79,67,67,Yichun,Yichun,27.8041,114.383,China,CN,CHN
102,0,3,1,1,1,68,74,74,Madrid,Madrid,40.4167,-3.7167,Spain,ES,ESP
103,1,3,0,1,0,85,91,89,Changde,Changde,29.0397,111.6839,China,CN,CHN
104,0,1,3,1,1,60,44,47,Taizhou,Taizhou,28.6583,121.4221,China,CN,CHN
105,0,2,2,1,1,98,86,90,Liaocheng,Liaocheng,36.45,115.9833,China,CN,CHN
106,1,2,2,1,0,58,67,72,Qujing,Qujing,25.5102,103.8029,China,CN,CHN
107,1,3,4,1,0,87,100,100,Sūrat,Surat,21.17,72.83,India,IN,IND
108,0,4,0,1,1,66,63,64,Baghdad,Baghdad,33.35,44.4167,Iraq,IQ,IRQ
109,1,1,0,0,0,52,76,70,Qingdao,Qingdao,36.1167,120.4,China,CN,CHN
110,1,1,5,1,0,70,64,72,Singapore,Singapore,1.3,103.8,Singapore,SG,SGP
111,1,3,0,0,1,77,89,98,Dallas,Dallas,32.7936,-96.7662,United States,US,USA
112,0,2,3,1,0,62,55,49,Dazhou,Dazhou,31.2152,107.4947,China,CN,CHN
113,0,0,0,1,0,54,53,47,Suzhou,Suzhou,33.6333,116.9683,China,CN,CHN
114,1,3,2,1,0,51,58,54,Xiangyang,Xiangyang,32.0654,112.1531,China,CN,CHN
115,1,4,1,1,1,99,100,100,Philadelphia,Philadelphia,40.0077,-75.1339,United States,US,USA
116,0,2,3,1,0,84,77,74,Giza,Giza,29.987,31.2118,Egypt,EG,EGY
117,1,1,1,0,0,75,85,82,Nairobi,Nairobi,-1.2864,36.8172,Kenya,KE,KEN
118,1,3,1,1,0,78,82,79,Nangandao,Nangandao,35.2992,113.8851,China,CN,CHN
119,1,3,5,1,0,51,63,61,Ankara,Ankara,39.93,32.85,Turkey,TR,TUR
120,1,2,2,1,0,55,69,65,Tai’an,Tai'an,36.2001,117.0809,China,CN,CHN
121,1,2,1,1,1,79,92,89,Yulin,Yulin,22.6293,110.1507,China,CN,CHN
122,0,1,0,1,1,91,89,92,Dezhou,Dezhou,37.4513,116.3105,China,CN,CHN
123,1,2,2,1,1,88,93,93,Houston,Houston,29.7863,-95.3889,United States,US,USA
124,0,3,3,0,0,63,57,56,Atlanta,Atlanta,33.7627,-84.4224,United States,US,USA
125,0,4,2,1,0,83,80,73,Yongzhou,Yongzhou,26.4515,111.5953,China,CN,CHN
126,1,1,3,1,0,87,95,86,Rangoon,Rangoon,16.8,96.15,Myanmar,MM,MMR
127,0,1,5,1,0,72,68,67,Toronto,Toronto,43.7417,-79.3733,Canada,CA,CAN
128,0,3,2,1,1,65,77,74,Suihua,Suihua,46.6384,126.9808,China,CN,CHN
129,0,3,4,1,0,82,82,74,Washington,Washington,38.9047,-77.0163,United States,US,USA
130,1,0,1,1,0,51,49,51,Qiqihar,Qiqihar,47.3398,123.9512,China,CN,CHN
131,0,3,4,1,0,89,84,82,Jinhua,Jinhua,29.1046,119.6494,China,CN,CHN
132,0,2,5,0,1,53,37,40,Saint Petersburg,Saint Petersburg,59.95,30.3167,Russia,RU,RUS
133,0,4,2,0,1,87,74,70,Shantou,Shantou,23.3735,116.6941,China,CN,CHN
134,1,2,2,1,1,75,81,84,Sydney,Sydney,-33.865,151.2094,Australia,AU,AUS
135,0,3,1,0,1,74,79,75,Weinan,Weinan,34.4996,109.4684,China,CN,CHN
136,0,2,1,1,0,58,55,48,Suqian,Suqian,33.9331,118.2831,China,CN,CHN
137,0,1,5,1,1,51,54,41,Guadalajara,Guadalajara,20.6767,-103.3475,Mexico,MX,MEX
138,0,4,3,1,0,70,55,56,Suzhou,Suzhou,31.304,120.6164,China,CN,CHN
139,1,2,0,1,0,59,66,67,Fuzhou,Fuzhou,26.0769,119.2917,China,CN,CHN
140,0,3,2,1,1,71,61,69,Zhaotong,Zhaotong,27.3328,103.7144,China,CN,CHN
141,1,3,5,1,0,76,72,71,Pudong,Pudong,31.2231,121.5397,China,CN,CHN
142,1,2,2,0,0,59,62,64,Belo Horizonte,Belo Horizonte,-19.9281,-43.9419,Brazil,BR,BRA
143,1,4,2,0,1,42,55,54,Zhangzhou,Zhangzhou,24.5093,117.6612,China,CN,CHN
144,0,0,3,1,0,57,43,47,Bozhou,Bozhou,33.8626,115.7742,China,CN,CHN
145,0,3,2,1,0,88,73,78,Melbourne,Melbourne,-37.8136,144.9631,Australia,AU,AUS
146,1,2,2,0,0,22,39,33,Nanchang,Nanchang,28.6842,115.8872,China,CN,CHN
147,0,1,5,1,0,88,84,75,Xianyang,Xianyang,34.35,108.7167,China,CN,CHN
148,0,2,0,0,0,73,68,66,Taizhou,Taizhou,32.4831,119.9,China,CN,CHN
149,1,3,1,1,1,68,75,81,Surabaya,Surabaya,-7.2458,112.7378,Indonesia,ID,IDN
150,0,4,0,0,1,100,100,93,Abidjan,Abidjan,5.3364,-4.0267,Côte D’Ivoire,CI,CIV
151,0,0,5,1,1,62,67,69,Huaihua,Huaihua,27.5494,109.9592,China,CN,CHN
152,0,0,1,1,0,77,67,68,Ji’an,Ji'an,27.1172,114.9793,China,CN,CHN
153,1,1,0,1,1,59,70,66,Mianyang,Mianyang,31.4669,104.7385,China,CN,CHN
154,0,3,1,1,0,54,49,47,Xiaoganzhan,Xiaoganzhan,30.9273,113.911,China,CN,CHN
155,0,3,5,1,0,62,67,61,Shaoxing,Shaoxing,30,120.5833,China,CN,CHN
156,1,2,2,1,1,70,89,88,Alexandria,Alexandria,31.2,29.9167,Egypt,EG,EGY
157,1,4,3,0,1,66,74,78,Yuncheng,Yuncheng,35.0304,110.998,China,CN,CHN
158,0,1,2,0,0,60,60,60,Pingdingshan,Pingdingshan,33.735,113.2999,China,CN,CHN
159,1,1,0,1,1,61,86,87,Huizhou,Huizhou,23.1115,114.4152,China,CN,CHN
160,0,3,0,0,0,66,62,64,Huai’an,Huai'an,33.5,119.1331,China,CN,CHN
161,0,1,0,0,1,82,78,74,Xinpu,Xinpu,34.5906,119.1801,China,CN,CHN
162,1,4,2,0,1,75,88,85,Chenzhou,Chenzhou,25.7989,113.0267,China,CN,CHN
163,0,1,4,0,0,49,53,52,Guilin,Guilin,25.2667,110.2833,China,CN,CHN
164,0,2,3,1,0,52,53,49,Jiujiang,Jiujiang,29.7048,116.0021,China,CN,CHN
165,1,4,4,1,0,81,92,91,Anqing,Anqing,30.5,117.0333,China,CN,CHN
166,1,2,1,1,1,96,100,100,Boston,Boston,42.3188,-71.0846,United States,US,USA
167,0,2,3,0,1,53,51,51,Huanglongsi,Huanglongsi,34.7936,114.3403,China,CN,CHN
168,1,1,4,0,1,58,76,78,Jiangmen,Jiangmen,22.5833,113.0833,China,CN,CHN
169,1,1,3,1,1,68,83,78,Changzhou,Changzhou,31.8122,119.9692,China,CN,CHN
170,1,2,2,0,1,67,75,70,Barcelona,Barcelona,41.3825,2.1769,Spain,ES,ESP
171,0,0,3,1,1,72,73,74,Wuxi,Wuxi,31.5667,120.2833,China,CN,CHN
172,0,4,5,1,0,94,88,78,Zibo,Zibo,36.7831,118.0497,China,CN,CHN
173,1,3,2,1,0,79,86,81,Jiaxing,Jiaxing,30.7522,120.75,China,CN,CHN
174,1,2,0,1,0,63,67,70,Dalian,Dalian,38.9,121.6,China,CN,CHN
175,1,2,1,0,1,43,51,54,Hengshui,Hengshui,37.7348,115.686,China,CN,CHN
176,1,2,4,1,1,81,91,87,Harbin,Harbin,45.75,126.6333,China,CN,CHN
177,1,1,3,0,1,46,54,58,Yangzhou,Yangzhou,32.3912,119.4363,China,CN,CHN
178,1,2,0,1,1,71,77,77,Yibin,Yibin,28.7596,104.64,China,CN,CHN
179,1,1,4,0,1,52,70,62,Johannesburg,Johannesburg,-26.2044,28.0416,South Africa,ZA,ZAF
180,1,3,5,1,1,97,100,100,Yiyang,Yiyang,28.5833,112.3333,China,CN,CHN
181,0,2,4,0,1,62,68,75,Meizhou,Meizhou,24.2998,116.1191,China,CN,CHN
182,1,2,2,0,0,46,64,66,Chifeng,Chifeng,42.2663,118.9223,China,CN,CHN
183,1,4,3,1,0,50,50,47,Casablanca,Casablanca,33.5992,-7.62,Morocco,MA,MAR
184,1,3,0,1,0,65,69,70,Guiyang,Guiyang,26.5794,106.7078,China,CN,CHN
185,0,2,5,0,1,45,52,49,Langfang,Langfang,39.5196,116.7006,China,CN,CHN
186,0,2,0,0,1,65,67,65,Zhangjiakou,Zhangjiakou,40.8108,114.8811,China,CN,CHN
187,0,4,3,1,0,80,76,65,İzmir,Izmir,38.4127,27.1384,Turkey,TR,TUR
188,0,3,5,1,1,62,66,68,Linfen,Linfen,36.0812,111.5087,China,CN,CHN
189,0,1,5,0,0,48,52,45,Wenzhou,Wenzhou,27.9991,120.6561,China,CN,CHN
190,1,2,1,1,0,77,88,87,Monterrey,Monterrey,25.6667,-100.3,Mexico,MX,MEX
191,1,4,0,1,0,66,65,69,Luzhou,Luzhou,28.8918,105.4409,China,CN,CHN
192,0,3,2,1,1,76,83,79,Jiangguanchi,Jiangguanchi,34.0244,113.8201,China,CN,CHN
193,1,1,5,1,0,62,64,66,Neijiang,Neijiang,29.5872,105.0635,China,CN,CHN
194,0,3,2,1,1,77,62,62,Phoenix,Phoenix,33.5722,-112.0891,United States,US,USA
195,1,2,4,1,1,69,84,85,Yanjiang,Yanjiang,30.1256,104.6397,China,CN,CHN
196,0,3,0,1,0,61,55,52,Zhaoqing,Zhaoqing,23.05,112.4667,China,CN,CHN
197,0,2,5,0,1,59,69,65,Xiaoxita,Xiaoxita,30.7083,111.2803,China,CN,CHN
198,0,4,3,0,0,55,56,51,Guigang,Guigang,23.0961,109.6092,China,CN,CHN
199,1,1,2,0,0,45,53,55,Xiamen,Xiamen,24.4797,118.0819,China,CN,CHN
200,1,1,1,0,0,78,79,76,Chuzhou,Chuzhou,32.3062,118.3115,China,CN,CHN
201,1,2,0,1,1,67,84,86,Fuzhou,Fuzhou,27.9814,116.3577,China,CN,CHN
202,1,3,2,0,0,65,81,77,Zhuzhou,Zhuzhou,27.8407,113.1469,China,CN,CHN
203,0,2,0,1,0,69,77,69,Amman,Amman,31.95,35.9333,Jordan,JO,JOR
204,1,1,0,1,0,57,69,68,Jeddah,Jeddah,21.5428,39.1728,Saudi Arabia,SA,SAU
205,0,2,2,1,0,59,41,42,Loudi,Loudi,27.7378,111.9974,China,CN,CHN
206,0,3,5,1,1,74,71,78,Deyang,Deyang,31.1289,104.395,China,CN,CHN
207,0,4,1,1,0,82,62,62,Qingyuan,Qingyuan,23.6842,113.0507,China,CN,CHN
208,0,4,3,1,1,81,80,76,Wuhu,Wuhu,31.334,118.3622,China,CN,CHN
209,1,1,2,0,0,74,81,76,Hechi,Hechi,23.0965,109.6091,China,CN,CHN
210,1,1,2,0,0,58,61,66,Seattle,Seattle,47.6211,-122.3244,United States,US,USA
211,0,3,5,0,1,80,79,79,Binzhou,Binzhou,37.3806,118.0125,China,CN,CHN
212,0,2,2,0,0,35,28,27,Yokohama,Yokohama,35.4333,139.6333,Japan,JP,JPN
213,1,2,3,0,0,42,62,60,Liuzhou,Liuzhou,24.3264,109.4281,China,CN,CHN
214,0,2,0,0,1,60,51,56,Baojishi,Baojishi,34.3609,107.1751,China,CN,CHN
215,0,4,3,1,1,87,91,81,Guang’an,Guang'an,30.4673,106.6336,China,CN,CHN
216,0,1,5,1,1,84,83,75,Hanzhong,Hanzhong,33.0794,107.026,China,CN,CHN
217,1,4,0,0,1,83,86,88,Kabul,Kabul,34.5328,69.1658,Afghanistan,AF,AFG
218,1,2,3,0,0,34,42,39,Zaozhuang,Zaozhuang,34.8667,117.55,China,CN,CHN
219,0,1,3,0,0,66,77,70,Berlin,Berlin,52.5167,13.3833,Germany,DE,DEU
220,0,1,5,1,1,61,56,56,Anshan,Anshan,41.1066,122.9895,China,CN,CHN
221,1,3,3,1,1,56,68,74,Lanzhou,Lanzhou,36.0617,103.8318,China,CN,CHN
222,0,1,0,1,0,87,85,73,Chengde,Chengde,40.9739,117.9322,China,CN,CHN
223,1,2,5,0,0,55,65,62,San Francisco,San Francisco,37.7562,-122.443,United States,US,USA
224,0,3,5,1,0,86,80,75,Puyang,Puyang,35.7639,115.03,China,CN,CHN
225,1,1,0,1,1,52,66,73,Suining,Suining,30.5098,105.5737,China,CN,CHN
226,1,4,4,0,0,45,56,54,Jiaozuo,Jiaozuo,35.229,113.2304,China,CN,CHN
227,1,2,2,1,0,72,72,71,Bengbu,Bengbu,32.9354,117.3531,China,CN,CHN
228,0,3,3,1,0,57,50,54,Montréal,Montreal,45.5089,-73.5617,Canada,CA,CAN
229,0,0,5,0,0,68,72,64,Detroit,Detroit,42.3834,-83.1024,United States,US,USA
230,1,2,2,1,1,88,95,94,Baicheng,Baicheng,23.901,106.6194,China,CN,CHN
231,0,3,2,1,0,76,64,66,Busan,Busan,35.1,129.0403,"Korea, South",KR,KOR
232,0,2,0,1,0,46,43,42,Algiers,Algiers,36.7764,3.0586,Algeria,DZ,DZA
233,1,1,1,1,0,67,86,83,Qincheng,Qincheng,34.5809,105.7311,China,CN,CHN
234,0,4,5,1,0,92,87,78,Taiyuan,Taiyuan,37.8733,112.5425,China,CN,CHN
235,0,2,1,1,1,83,82,84,Shiyan,Shiyan,32.6351,110.7755,China,CN,CHN
236,0,3,0,1,0,80,75,77,Lucknow,Lucknow,26.847,80.947,India,IN,IND
237,0,3,1,0,0,63,66,67,Chaoyang,Chaoyang,41.5757,120.4486,China,CN,CHN
238,1,3,5,1,1,64,60,74,Hechi,Hechi,24.6928,108.085,China,CN,CHN
239,0,1,2,1,0,54,52,51,Leshan,Leshan,29.5854,103.7575,China,CN,CHN
240,0,2,0,1,0,84,80,80,Yulinshi,Yulinshi,38.2655,109.7388,China,CN,CHN
241,0,3,3,0,1,73,68,66,Siping,Siping,43.1715,124.3644,China,CN,CHN
242,1,4,1,1,0,80,83,83,Zhongshan,Zhongshan,22.5333,113.35,China,CN,CHN
243,1,3,3,1,0,56,52,55,Changzhi,Changzhi,36.1953,113.097,China,CN,CHN
244,0,4,2,1,0,59,51,43,San Diego,San Diego,32.8312,-117.1225,United States,US,USA
245,0,3,5,1,0,75,74,69,Faisalabad,Faisalabad,31.418,73.079,Pakistan,PK,PAK
246,0,2,0,1,0,85,76,71,Santa Cruz,Santa Cruz,-17.7892,-63.1975,Bolivia,BO,BOL
247,0,4,0,1,0,89,76,74,Qinhuangdao,Qinhuangdao,39.9398,119.5881,China,CN,CHN
248,1,1,3,1,1,58,70,68,Bazhou,Bazhou,31.8576,106.7559,China,CN,CHN
249,1,1,3,1,0,65,64,62,Zhenjiang,Zhenjiang,32.2109,119.4551,China,CN,CHN
250,0,2,3,1,0,68,60,53,Ürümqi,Urumqi,43.8225,87.6125,China,CN,CHN
251,0,0,5,1,1,47,49,49,Tongliao,Tongliao,43.6172,122.264,China,CN,CHN
252,1,3,2,0,0,71,83,83,Heyuan,Heyuan,23.7503,114.6923,China,CN,CHN
253,1,1,5,1,1,60,70,70,Tongren,Tongren,27.7233,109.1885,China,CN,CHN
254,0,3,4,1,0,80,80,72,Qinzhou,Qinzhou,21.95,108.6167,China,CN,CHN
255,0,3,3,1,0,54,52,52,Jaipur,Jaipur,26.9167,75.8667,India,IN,IND
256,1,4,2,1,0,62,73,70,Xinzhou,Xinzhou,38.4178,112.7233,China,CN,CHN
257,1,2,0,0,0,64,73,68,Addis Ababa,Addis Ababa,9.0272,38.7369,Ethiopia,ET,ETH
258,0,2,0,1,1,78,77,77,Meishan,Meishan,30.0575,103.8381,China,CN,CHN
259,1,1,2,1,0,70,75,78,Brasília,Brasilia,-15.7939,-47.8828,Brazil,BR,BRA
260,1,2,4,0,1,65,81,81,Mashhad,Mashhad,36.3069,59.6042,Iran,IR,IRN
261,1,2,5,0,1,64,79,77,Jinzhou,Jinzhou,41.1144,121.1292,China,CN,CHN
262,0,2,2,1,1,79,79,78,Tieling,Tieling,42.2841,123.8365,China,CN,CHN
263,1,2,5,0,0,44,50,51,Shaoguan,Shaoguan,24.8011,113.5927,China,CN,CHN
264,1,4,3,1,0,99,93,90,Kuwait City,Kuwait City,29.375,47.98,Kuwait,KW,KWT
265,0,3,3,1,0,76,73,68,Shanwei,Shanwei,22.7664,115.3331,China,CN,CHN
266,0,3,5,0,0,59,42,41,Minneapolis,Minneapolis,44.9635,-93.2678,United States,US,USA
267,1,2,1,1,0,63,75,81,Kyiv,Kyiv,50.45,30.5236,Ukraine,UA,UKR
268,1,3,3,1,0,69,72,77,Sanaa,Sanaa,15.35,44.2,Yemen,YE,YEM
269,1,3,0,1,1,88,92,95,Quezon City,Quezon City,14.6333,121.0333,Philippines,PH,PHL
270,1,4,2,0,0,71,76,70,Dingxi,Dingxi,35.5806,104.6263,China,CN,CHN
271,0,2,1,1,0,69,63,61,Incheon,Incheon,37.4639,126.6486,"Korea, South",KR,KOR
272,0,2,2,1,0,58,49,42,Bursa,Bursa,40.1833,29.0667,Turkey,TR,TUR
273,1,3,0,0,0,47,53,58,Ningde,Ningde,26.6667,119.5167,China,CN,CHN
274,1,3,2,1,0,65,70,71,Tampa,Tampa,27.9942,-82.4451,United States,US,USA
275,0,1,2,1,1,88,85,76,Daqing,Daqing,46.5979,125.008,China,CN,CHN
276,0,2,1,1,0,83,78,73,Birmingham,Birmingham,52.48,-1.9025,United Kingdom,GB,GBR
277,1,2,5,1,1,85,92,93,Putian,Putian,25.4394,119.0103,China,CN,CHN
278,1,4,3,1,1,59,63,75,Huzhou,Huzhou,30.8695,120.0958,China,CN,CHN
279,1,2,5,0,0,65,86,80,Salvador,Salvador,-12.9708,-38.5108,Brazil,BR,BRA
280,0,1,1,0,0,73,56,57,Wuzhou,Wuzhou,23.4833,111.3167,China,CN,CHN
281,0,3,3,1,0,53,52,42,Xiangtan,Xiangtan,27.8431,112.9228,China,CN,CHN
282,0,3,3,1,0,45,48,46,Denver,Denver,39.7621,-104.8759,United States,US,USA
283,1,3,1,0,0,73,79,84,Rome,Rome,41.8931,12.4828,Italy,IT,ITA
284,1,3,2,0,1,70,78,78,La Paz,La Paz,-16.4942,-68.1475,Bolivia,BO,BOL
285,1,1,5,1,0,37,46,46,Pyongyang,Pyongyang,39.03,125.73,"Korea, North",KP,PRK
286,0,1,0,1,1,81,82,82,Kano,Kano,12,8.5167,Nigeria,NG,NGA
287,0,4,0,1,1,97,82,88,Taichung,Taichung,24.15,120.6667,Taiwan,TW,TWN
288,1,1,5,1,0,67,89,82,Omdurman,Omdurman,15.6835,32.4629,Sudan,SD,SDN
289,0,1,1,0,0,88,75,76,Zigong,Zigong,29.3498,104.7645,China,CN,CHN
290,0,4,5,1,1,77,76,77,Mudanjiang,Mudanjiang,44.5861,129.5997,China,CN,CHN
291,0,2,0,1,0,76,70,68,Huludao,Huludao,40.7094,120.8378,China,CN,CHN
292,0,3,5,1,0,86,73,70,Kaohsiung,Kaohsiung,22.6167,120.3,Taiwan,TW,TWN
293,0,2,5,1,1,63,60,57,Guayaquil,Guayaquil,-2.1833,-79.8833,Ecuador,EC,ECU
294,1,4,1,1,0,65,73,75,Rizhao,Rizhao,35.4164,119.4331,China,CN,CHN
295,0,3,3,0,1,78,77,80,Manchester,Manchester,53.4794,-2.2453,United Kingdom,GB,GBR
296,0,1,0,0,0,67,62,60,Cawnpore,Cawnpore,26.4725,80.3311,India,IN,IND
297,0,0,5,1,1,46,41,43,Baotou,Baotou,40.6562,109.8345,China,CN,CHN
298,0,4,0,1,1,71,74,68,Taipei,Taipei,25.0478,121.5319,Taiwan,TW,TWN
299,0,2,3,0,1,40,46,50,Nanping,Nanping,26.6448,118.1728,China,CN,CHN
300,0,3,0,0,0,90,87,75,Chaozhou,Chaozhou,23.67,116.63,China,CN,CHN
301,0,0,2,0,1,81,78,81,Longyan,Longyan,25.0881,117.0244,China,CN,CHN
302,0,3,5,0,0,56,54,52,Ibadan,Ibadan,7.3964,3.9167,Nigeria,NG,NGA
303,1,2,0,1,1,67,84,81,Hohhot,Hohhot,40.8151,111.6629,China,CN,CHN
304,0,1,0,1,0,80,76,64,Antananarivo,Antananarivo,-18.9386,47.5214,Madagascar,MG,MDG
305,1,2,0,1,1,74,75,83,Longba,Longba,33.535,105.349,China,CN,CHN
306,0,0,2,1,0,69,67,69,Weihai,Weihai,37.5,122.1,China,CN,CHN
307,0,4,2,1,1,99,87,81,Chattogram,Chattogram,22.335,91.8325,Bangladesh,BD,BGD
308,0,2,5,1,0,51,52,44,Santo Domingo,Santo Domingo,18.4764,-69.8933,Dominican Republic,DO,DOM
309,1,1,0,0,0,53,71,67,Xuanzhou,Xuanzhou,30.9475,118.7518,China,CN,CHN
310,1,3,3,0,0,49,57,52,Sanming,Sanming,26.2658,117.6302,China,CN,CHN
311,1,1,0,1,0,73,76,80,Brooklyn,Brooklyn,40.6501,-73.9496,United States,US,USA
312,0,1,1,1,0,66,60,57,Yangjiang,Yangjiang,21.8556,111.9627,China,CN,CHN
313,0,3,1,1,1,67,61,68,Medellín,Medellin,6.2447,-75.5748,Colombia,CO,COL
314,1,2,0,0,1,68,67,69,Yunfu,Yunfu,22.9242,112.0353,China,CN,CHN
315,1,2,1,1,1,59,64,75,Brisbane,Brisbane,-27.4678,153.0281,Australia,AU,AUS
316,0,2,3,1,0,71,66,65,Baoshan,Baoshan,25.1211,99.169,China,CN,CHN
317,1,3,4,1,1,77,82,91,Dubai,Dubai,25.2697,55.3094,United Arab Emirates,AE,ARE
318,0,2,0,1,0,83,72,78,Luohe,Luohe,33.583,114.0109,China,CN,CHN
319,0,1,1,1,0,63,71,69,Qinbaling,Qinbaling,35.7278,107.64,China,CN,CHN
320,1,3,0,0,0,56,65,63,Mirzāpur,Mirzapur,25.15,82.58,India,IN,IND
321,1,2,3,0,1,67,79,84,Guangyuan,Guangyuan,32.4353,105.8398,China,CN,CHN
322,1,4,3,1,0,75,86,79,Cali,Cali,3.44,-76.5197,Colombia,CO,COL
323,1,2,2,1,0,71,81,80,Huangshi,Huangshi,30.2018,115.0326,China,CN,CHN
324,1,2,5,0,0,43,53,53,Daegu,Daegu,35.8667,128.6,"Korea, South",KR,KOR
325,1,2,3,0,0,41,46,43,Fortaleza,Fortaleza,-3.7275,-38.5275,Brazil,BR,BRA
326,1,2,2,1,0,82,90,94,Guatemala City,Guatemala City,14.6099,-90.5252,Guatemala,GT,GTM
327,0,2,2,1,0,61,61,62,Yaoundé,Yaounde,3.8578,11.5181,Cameroon,CM,CMR
328,0,0,2,0,0,28,23,19,Douala,Douala,4.05,9.7,Cameroon,CM,CMR
329,0,2,0,1,1,82,75,77,Jilin,Jilin,43.85,126.55,China,CN,CHN
330,1,1,5,1,0,41,55,51,Lianshan,Lianshan,40.7503,120.83,China,CN,CHN
331,0,2,3,1,0,71,60,61,Lincang,Lincang,23.8864,100.0871,China,CN,CHN
332,0,2,0,1,0,47,37,35,Antalya,Antalya,36.9081,30.6956,Turkey,TR,TUR
333,0,4,0,1,1,62,56,53,Tashkent,Tashkent,41.3,69.2667,Uzbekistan,UZ,UZB
334,0,1,0,1,0,90,78,81,Bandung,Bandung,-6.95,107.5667,Indonesia,ID,IDN
335,1,2,1,1,0,83,93,95,Nāgpur,Nagpur,21.1539,79.0831,India,IN,IND
336,1,1,2,0,0,61,68,66,Huainan,Huainan,32.4831,117.0164,China,CN,CHN
337,0,3,5,1,1,76,70,69,Dandong,Dandong,40.1167,124.3833,China,CN,CHN
338,0,2,0,1,0,49,51,43,Shangzhou,Shangzhou,33.868,109.9244,China,CN,CHN
339,1,1,5,0,0,24,38,27,Bekasi,Bekasi,-6.2333,107,Indonesia,ID,IDN
340,1,3,5,0,1,35,55,60,Ghāziābād,Ghaziabad,28.6667,77.4167,India,IN,IND
341,0,2,3,0,0,58,61,52,Tijuana,Tijuana,32.525,-117.0333,Mexico,MX,MEX
342,1,2,3,1,0,61,73,63,Jiamusi,Jiamusi,46.8081,130.3653,China,CN,CHN
343,1,1,3,1,1,69,76,74,Accra,Accra,5.6037,-0.187,Ghana,GH,GHA
344,0,3,0,1,1,67,72,67,Yuxi,Yuxi,24.3495,102.5432,China,CN,CHN
345,0,3,2,1,0,79,73,67,Anshun,Anshun,26.2456,105.934,China,CN,CHN
346,1,2,3,1,0,72,80,75,Vancouver,Vancouver,49.25,-123.1,Canada,CA,CAN
347,0,1,2,1,0,62,61,57,Tangerang,Tangerang,-6.1783,106.6319,Indonesia,ID,IDN
348,1,2,1,1,1,77,94,95,Konya,Konya,37.8714,32.4847,Turkey,TR,TUR
349,0,3,3,0,0,75,74,66,Queens,Queens,40.7498,-73.7976,United States,US,USA
350,0,4,0,1,0,87,74,76,Yingkou,Yingkou,40.6653,122.2297,China,CN,CHN
351,1,1,1,1,0,52,65,69,Adana,Adana,37,35.325,Turkey,TR,TUR
352,0,4,2,1,0,66,57,52,Medan,Medan,3.6667,98.6667,Indonesia,ID,IDN
353,1,2,2,1,1,63,78,80,Sanmenxia,Sanmenxia,34.7736,111.195,China,CN,CHN
354,1,2,0,1,0,46,58,57,Indore,Indore,22.7206,75.8472,India,IN,IND
355,1,2,2,1,0,59,71,70,Ma’anshan,Ma'anshan,31.7135,118.3605,China,CN,CHN
356,1,1,1,1,0,61,72,70,Pingliang,Pingliang,35.5412,106.6819,China,CN,CHN
357,0,0,0,1,0,63,61,61,Quzhou,Quzhou,28.9545,118.8763,China,CN,CHN
358,1,2,2,0,1,42,66,69,Baku,Baku,40.3667,49.8352,Azerbaijan,AZ,AZE
359,0,3,2,0,0,59,62,61,Gaoping,Gaoping,30.7804,106.13,China,CN,CHN
360,1,3,2,1,0,80,90,89,Huaibei,Huaibei,33.9562,116.789,China,CN,CHN
361,1,1,3,1,0,58,62,59,Xining,Xining,36.6239,101.7787,China,CN,CHN
362,0,1,5,1,1,85,84,78,Harare,Harare,-17.8292,31.0522,Zimbabwe,ZW,ZWE
363,1,2,2,1,0,52,58,58,Yan’an,Yan'an,36.5952,109.4863,China,CN,CHN
364,1,3,5,0,0,27,34,32,Havana,Havana,23.1367,-82.3589,Cuba,CU,CUB
365,0,2,2,1,0,59,60,58,Phnom Penh,Phnom Penh,11.5696,104.921,Cambodia,KH,KHM
366,0,0,1,0,1,49,58,60,Fukuoka,Fukuoka,33.6,130.4167,Japan,JP,JPN
367,0,2,3,1,1,69,58,53,Mogadishu,Mogadishu,2.0408,45.3425,Somalia,SO,SOM
368,0,2,1,0,0,61,66,61,Jincheng,Jincheng,35.4906,112.8483,China,CN,CHN
369,1,0,5,0,0,44,64,58,Puning,Puning,23.2993,116.1586,China,CN,CHN
370,1,3,5,1,0,73,84,85,Lishui,Lishui,28.45,119.9167,China,CN,CHN
371,0,4,2,1,0,84,77,71,Qingyang,Qingyang,24.8141,118.5792,China,CN,CHN
372,1,2,2,0,1,45,73,70,Riverside,Riverside,33.9381,-117.3948,United States,US,USA
373,0,3,5,1,0,74,74,72,Baltimore,Baltimore,39.3051,-76.6144,United States,US,USA
374,1,3,2,1,1,82,97,96,Haiphong,Haiphong,20.8,106.6667,Vietnam,VN,VNM
375,1,3,1,1,0,59,70,73,Las Vegas,Las Vegas,36.2333,-115.2654,United States,US,USA
376,0,4,0,0,0,46,43,41,Laibin,Laibin,23.7333,109.2333,China,CN,CHN
377,1,3,5,1,0,80,90,82,Rawalpindi,Rawalpindi,33.6007,73.0679,Pakistan,PK,PAK
378,1,3,4,0,1,85,95,100,Kumasi,Kumasi,6.6833,-1.6167,Ghana,GH,GHA
379,1,0,5,1,0,71,83,77,Portland,Portland,45.5372,-122.65,United States,US,USA
380,0,0,1,1,0,66,64,62,Vadodara,Vadodara,22.3,73.2,India,IN,IND
381,1,1,0,1,0,80,86,83,Perth,Perth,-31.9522,115.8589,Australia,AU,AUS
382,0,2,0,1,1,87,100,95,San Antonio,San Antonio,29.4658,-98.5253,United States,US,USA
383,0,2,4,0,0,79,81,71,Vishākhapatnam,Vishakhapatnam,17.7333,83.3167,India,IN,IND
384,1,4,5,0,0,38,49,45,Gujranwala,Gujranwala,32.15,74.1833,Pakistan,PK,PAK
385,1,0,5,0,0,38,43,43,Gaziantep,Gaziantep,37.0667,37.3833,Turkey,TR,TUR
386,1,4,2,1,0,67,76,75,Fushun,Fushun,41.8708,123.8917,China,CN,CHN
387,1,4,1,1,0,64,73,70,St. Louis,St. Louis,38.6358,-90.2451,United States,US,USA
388,1,2,0,0,0,57,78,67,Bamako,Bamako,12.6458,-7.9922,Mali,ML,MLI
389,1,3,3,1,0,62,64,64,Quito,Quito,-0.2186,-78.5097,Ecuador,EC,ECU
390,0,3,4,1,0,73,70,75,Minsk,Minsk,53.9022,27.5618,Belarus,BY,BLR
391,0,4,5,0,1,73,67,59,Pingxiang,Pingxiang,27.6333,113.85,China,CN,CHN
392,1,3,2,1,0,77,68,77,Chongzuo,Chongzuo,22.4167,107.3667,China,CN,CHN
393,0,4,2,1,0,76,67,67,Şanlıurfa,Sanliurfa,37.1583,38.7917,Turkey,TR,TUR
394,0,2,0,1,1,57,54,56,Kananga,Kananga,-5.897,22.4488,Congo (Kinshasa),CD,COD
395,1,2,5,1,1,65,74,77,Peshawar,Peshawar,34,71.5,Pakistan,PK,PAK
396,0,0,3,0,0,48,45,41,Sapporo,Sapporo,43.0621,141.3544,Japan,JP,JPN
397,1,1,3,0,0,50,67,63,Hezhou,Hezhou,24.4164,111.5478,China,CN,CHN
398,1,2,0,1,0,85,89,95,Jixi,Jixi,45.2937,130.965,China,CN,CHN
399,0,1,5,1,0,74,63,57,Caracas,Caracas,10.5,-66.9333,Venezuela,VE,VEN
400,0,3,5,1,0,60,59,54,Fuxin,Fuxin,42.0127,121.6486,China,CN,CHN
401,1,2,5,1,1,59,54,67,Aleppo,Aleppo,36.2,37.15,Syria,SY,SYR
402,0,0,2,1,0,53,43,43,Almaty,Almaty,43.25,76.9,Kazakhstan,KZ,KAZ
403,1,0,2,0,0,49,65,55,Dayr az Zawr,Dayr az Zawr,35.3333,40.15,Syria,SY,SYR
404,1,3,3,1,1,88,99,100,Vienna,Vienna,48.2083,16.3731,Austria,AT,AUT
405,1,2,3,1,0,54,59,62,Leeds,Leeds,53.7997,-1.5492,United Kingdom,GB,GBR
406,1,2,5,1,0,63,73,68,Sacramento,Sacramento,38.5667,-121.4683,United States,US,USA
407,0,1,0,1,1,65,65,63,Blantyre,Blantyre,-15.7861,35.0058,Malawi,MW,MWI
408,1,1,0,1,0,82,80,77,Tainan,Tainan,22.9833,120.1833,Taiwan,TW,TWN
409,1,3,3,0,1,52,57,56,Zhuhai,Zhuhai,22.2769,113.5678,China,CN,CHN
410,0,3,0,1,1,87,84,85,Bucharest,Bucharest,44.4,26.0833,Romania,RO,ROU
411,1,3,4,1,1,70,71,74,Wuwei,Wuwei,37.9278,102.6329,China,CN,CHN
412,0,4,2,1,1,84,83,78,Bhopāl,Bhopal,23.25,77.4167,India,IN,IND
413,0,3,0,1,0,71,66,60,Curitiba,Curitiba,-25.4297,-49.2719,Brazil,BR,BRA
414,0,1,5,1,1,63,67,67,Multan,Multan,30.1978,71.4711,Pakistan,PK,PAK
415,1,2,1,0,1,51,72,79,Xiping,Xiping,40.08,113.3,China,CN,CHN
416,0,4,3,1,0,84,73,69,Asunción,Asuncion,-25.3,-57.6333,Paraguay,PY,PRY
417,0,2,1,1,1,71,74,68,Saidu Sharif,Saidu Sharif,34.75,72.3572,Pakistan,PK,PAK
418,0,2,0,1,0,74,73,67,Hamburg,Hamburg,53.55,10,Germany,DE,DEU
419,0,3,2,1,0,68,59,62,Meru,Meru,0.05,37.65,Kenya,KE,KEN
420,0,4,3,0,1,57,56,54,Brazzaville,Brazzaville,-4.2667,15.2833,Congo (Brazzaville),CG,COG
421,1,2,0,0,1,82,93,93,Orlando,Orlando,28.4772,-81.3369,United States,US,USA
422,1,3,3,1,1,57,58,64,Mersin,Mersin,36.8,34.6167,Turkey,TR,TUR
423,1,3,4,0,1,47,58,67,Kyōto,Kyoto,35.0111,135.7669,Japan,JP,JPN
424,1,0,5,1,1,59,85,80,Manaus,Manaus,-3.1,-60.0167,Brazil,BR,BRA
425,0,1,2,0,0,41,39,34,Liaoyang,Liaoyang,41.2643,123.1772,China,CN,CHN
426,1,2,2,0,0,62,67,62,Baiyin,Baiyin,36.5448,104.1766,China,CN,CHN
427,0,2,1,1,0,86,83,86,San Jose,San Jose,37.3019,-121.8486,United States,US,USA
428,0,2,5,0,0,69,71,65,Warsaw,Warsaw,52.2167,21.0333,Poland,PL,POL
429,0,0,5,0,0,65,59,53,Shengli,Shengli,37.45,118.4667,China,CN,CHN
430,0,2,5,0,0,68,63,54,Lubumbashi,Lubumbashi,-11.6697,27.4581,Congo (Kinshasa),CD,COD
431,0,2,0,0,0,64,66,59,Haikou,Haikou,20.02,110.32,China,CN,CHN
432,1,2,3,1,0,61,72,70,Damascus,Damascus,33.5131,36.2919,Syria,SY,SYR
433,0,2,3,1,0,61,56,55,Shuyangzha,Shuyangzha,34.1299,118.7734,China,CN,CHN
434,1,0,5,0,0,47,59,50,Brussels,Brussels,50.8333,4.3333,Belgium,BE,BEL
435,0,2,5,1,0,73,66,66,Eşfahān,Esfahan,32.6447,51.6675,Iran,IR,IRN
436,0,2,2,0,1,50,48,53,Budapest,Budapest,47.4983,19.0408,Hungary,HU,HUN
437,0,3,0,1,0,75,68,64,Heihe,Heihe,50.2458,127.4886,China,CN,CHN
438,0,3,0,0,0,75,66,73,Lusaka,Lusaka,-15.4167,28.2833,Zambia,ZM,ZMB
439,0,2,3,1,0,70,56,51,Hyderabad City,Hyderabad City,25.3792,68.3683,Pakistan,PK,PAK
440,0,3,5,1,1,89,88,82,Diyarbakır,Diyarbakir,37.9108,40.2367,Turkey,TR,TUR
441,1,2,2,1,1,67,81,79,Chinchvad,Chinchvad,18.6278,73.8131,India,IN,IND
442,1,3,3,1,0,78,81,80,Shuozhou,Shuozhou,39.3408,112.4292,China,CN,CHN
443,1,0,5,0,0,59,73,69,Cleveland,Cleveland,41.4767,-81.6804,United States,US,USA
444,1,1,0,1,0,73,83,76,Pittsburgh,Pittsburgh,40.4396,-79.9762,United States,US,USA
445,0,0,5,0,0,79,82,73,Patna,Patna,25.61,85.1414,India,IN,IND
446,1,2,5,1,1,67,74,77,Mosul,Mosul,36.3667,43.1167,Iraq,IQ,IRQ
447,0,3,2,0,0,69,66,60,Austin,Austin,30.3004,-97.7522,United States,US,USA
448,0,2,3,1,1,86,81,80,Sanzhou,Sanzhou,30.82,108.4,China,CN,CHN
449,0,1,3,1,0,47,46,42,Mecca,Mecca,21.4225,39.8261,Saudi Arabia,SA,SAU
450,0,1,0,1,0,81,73,72,Conakry,Conakry,9.5092,-13.7122,Guinea,GN,GIN
451,1,2,2,0,1,64,85,85,Kampala,Kampala,0.3136,32.5811,Uganda,UG,UGA
452,1,4,2,1,0,100,92,97,Ecatepec,Ecatepec,19.6097,-99.06,Mexico,MX,MEX
453,1,2,0,0,0,65,77,74,Cincinnati,Cincinnati,39.1413,-84.5061,United States,US,USA
454,0,2,2,0,0,65,58,49,Makassar,Makassar,-5.1331,119.4136,Indonesia,ID,IDN
455,1,2,0,0,0,53,61,62,Yushan,Yushan,31.3867,120.9766,China,CN,CHN
456,0,2,1,0,0,37,56,47,Ludhiāna,Ludhiana,30.9083,75.8486,India,IN,IND
457,1,3,1,1,0,79,89,89,Newcastle,Newcastle,55.0077,-1.6578,United Kingdom,GB,GBR
458,0,3,0,0,0,53,54,48,Depok,Depok,-6.394,106.8225,Indonesia,ID,IDN
459,1,4,1,1,0,100,100,100,Zhongli,Zhongli,24.965,121.2168,Taiwan,TW,TWN
460,0,1,3,1,1,72,65,68,Kansas City,Kansas City,39.1239,-94.5541,United States,US,USA
461,0,2,1,0,0,53,58,55,Ouagadougou,Ouagadougou,12.3572,-1.5353,Burkina Faso,BF,BFA
462,0,1,2,0,0,54,54,45,Davao,Davao,7.0667,125.6,Philippines,PH,PHL
463,1,4,2,1,0,71,70,76,Manhattan,Manhattan,40.7834,-73.9662,United States,US,USA
464,1,2,2,0,0,77,90,91,Semarang,Semarang,-6.9667,110.4167,Indonesia,ID,IDN
465,0,0,1,1,1,75,58,62,Yinchuan,Yinchuan,38.4795,106.2254,China,CN,CHN
466,1,2,2,1,0,84,87,91,Caloocan City,Caloocan City,14.65,120.9667,Philippines,PH,PHL
467,1,3,0,0,0,26,31,38,Novosibirsk,Novosibirsk,55.0333,82.9167,Russia,RU,RUS
468,0,0,3,0,1,72,67,65,Chengtangcun,Chengtangcun,35.0833,117.15,China,CN,CHN
469,1,0,3,0,1,77,88,85,Āgra,Agra,27.18,78.02,India,IN,IND
470,0,2,2,1,0,91,74,76,Karaj,Karaj,35.8327,50.9915,Iran,IR,IRN
471,1,2,0,1,1,83,85,90,Indianapolis,Indianapolis,39.7771,-86.1458,United States,US,USA
472,1,2,3,1,0,63,69,74,Jingdezhen,Jingdezhen,29.2942,117.2036,China,CN,CHN
473,1,2,0,1,1,68,86,84,Puebla,Puebla,19.0333,-98.1833,Mexico,MX,MEX
474,1,3,5,1,0,59,67,61,Kalyān,Kalyan,19.2502,73.1602,India,IN,IND
475,1,1,0,1,1,90,90,91,Madurai,Madurai,9.9197,78.1194,India,IN,IND
476,1,3,1,1,1,71,76,83,Benxi,Benxi,41.292,123.761,China,CN,CHN
477,0,4,1,1,1,76,62,66,Jamshedpur,Jamshedpur,22.8,86.1833,India,IN,IND
478,0,3,0,1,0,80,68,72,Recife,Recife,-8.0539,-34.8808,Brazil,BR,BRA
479,1,3,4,1,0,55,64,70,Columbus,Columbus,39.9862,-82.985,United States,US,USA
480,0,4,0,1,0,76,71,67,Tabrīz,Tabriz,38.0833,46.2833,Iran,IR,IRN
481,0,1,3,1,1,73,71,68,Maracaibo,Maracaibo,10.6333,-71.6333,Venezuela,VE,VEN
482,1,3,0,0,0,52,59,56,Zhangjiajie,Zhangjiajie,29.1255,110.4844,China,CN,CHN
483,0,2,2,0,0,68,68,61,Beihai,Beihai,21.4667,109.1,China,CN,CHN
484,0,0,3,1,0,59,52,46,Shuangyashan,Shuangyashan,46.6388,131.1545,China,CN,CHN
485,1,1,0,1,0,49,52,54,Kōbe,Kobe,34.6913,135.183,Japan,JP,JPN
486,0,2,3,1,0,70,74,71,Charlotte,Charlotte,35.208,-80.8304,United States,US,USA
487,0,3,2,0,0,61,47,56,Yucheng,Yucheng,29.9888,103.0007,China,CN,CHN
488,1,2,0,0,0,60,75,74,Changshu,Changshu,31.65,120.7333,China,CN,CHN
489,0,1,5,1,1,64,53,57,Lianjiang,Lianjiang,21.6146,110.2794,China,CN,CHN
490,0,0,0,0,1,79,82,82,Ximeicun,Ximeicun,24.9633,118.3811,China,CN,CHN
491,1,0,0,0,0,65,85,76,Jianguang,Jianguang,28.1958,115.7833,China,CN,CHN
492,1,2,0,1,0,64,64,70,Madīnat as Sādis min Uktūbar,Madinat as Sadis min Uktubar,29.9361,30.9269,Egypt,EG,EGY
493,1,2,2,1,0,83,83,90,Xushan,Xushan,30.1697,121.2665,China,CN,CHN
494,1,2,1,1,0,81,88,90,Belém,Belem,-1.4558,-48.5039,Brazil,BR,BRA
495,1,1,3,1,0,54,64,68,Guiping,Guiping,23.4,110.0833,China,CN,CHN
496,0,3,3,1,1,68,64,66,Leizhou,Leizhou,20.9147,110.0806,China,CN,CHN
497,1,2,2,1,0,54,48,52,Gwangju,Gwangju,35.1667,126.9167,"Korea, South",KR,KOR
498,1,3,2,0,1,59,78,76,Nāsik,Nasik,20,73.7833,India,IN,IND
499,1,1,5,1,0,66,69,68,Porto Alegre,Porto Alegre,-30.0328,-51.23,Brazil,BR,BRA
500,0,4,2,1,0,76,71,72,Valencia,Valencia,10.1667,-68,Venezuela,VE,VEN
501,1,3,4,1,0,74,79,82,Onitsha,Onitsha,6.1667,6.7833,Nigeria,NG,NGA
502,1,1,0,1,1,94,87,92,Virginia Beach,Virginia Beach,36.7335,-76.0435,United States,US,USA
503,0,2,2,0,0,63,61,54,Daejeon,Daejeon,36.351,127.385,"Korea, South",KR,KOR
504,1,4,0,1,1,95,89,92,Munich,Munich,48.1372,11.5755,Germany,DE,DEU
505,1,3,4,0,0,40,59,54,Auckland,Auckland,-36.85,174.7833,New Zealand,NZ,NZL
506,1,1,5,1,0,82,82,80,Yekaterinburg,Yekaterinburg,56.8356,60.6128,Russia,RU,RUS
507,0,0,3,1,0,68,70,66,Huangshan,Huangshan,29.7132,118.3151,China,CN,CHN
508,0,1,1,0,0,55,59,54,Huazhou,Huazhou,32.6889,112.0447,China,CN,CHN
509,0,2,4,1,0,79,78,77,Shīrāz,Shiraz,29.61,52.5425,Iran,IR,IRN
510,1,2,1,1,0,86,92,87,Pizhou,Pizhou,34.3422,118.0097,China,CN,CHN
511,0,3,2,1,0,76,71,73,Palembang,Palembang,-2.9833,104.7644,Indonesia,ID,IDN
512,0,0,5,1,0,64,50,43,León de los Aldama,Leon de los Aldama,21.1167,-101.6833,Mexico,MX,MEX
513,0,3,5,0,0,62,49,52,El Kelaa des Srarhna,El Kelaa des Srarhna,32.05,-7.4,Morocco,MA,MAR
514,1,1,5,1,1,54,61,62,Kharkiv,Kharkiv,50,36.2292,Ukraine,UA,UKR
515,1,1,4,0,1,77,97,94,Kawanakajima,Kawanakajima,35.53,139.705,Japan,JP,JPN
516,1,2,5,1,1,76,87,85,Yangshe,Yangshe,31.8775,120.5512,China,CN,CHN
517,1,3,2,1,0,74,89,84,Chizhou,Chizhou,30.6583,117.4849,China,CN,CHN
518,1,4,2,1,1,66,74,73,Guyuan,Guyuan,36.008,106.2782,China,CN,CHN
519,1,3,5,1,1,66,78,78,Rui’an,Rui'an,27.778,120.6526,China,CN,CHN
520,1,1,3,0,1,67,78,79,Birstall,Birstall,52.6736,-1.12,United Kingdom,GB,GBR
521,0,3,2,1,0,71,49,52,Muscat,Muscat,23.6139,58.5922,Oman,OM,OMN
522,1,2,0,1,0,91,86,84,Hebi,Hebi,35.7497,114.2887,China,CN,CHN
523,0,3,1,1,0,69,58,57,Bronx,Bronx,40.8501,-73.8662,United States,US,USA
524,0,2,4,0,0,54,59,50,Gaozhou,Gaozhou,21.9135,110.8481,China,CN,CHN
525,0,2,3,1,1,53,52,49,The Hague,The Hague,52.0767,4.2986,Netherlands,NL,NLD
526,0,4,2,1,0,68,60,59,Owerri,Owerri,5.4833,7.0333,Nigeria,NG,NGA
527,0,2,5,0,1,56,61,60,Sharjah,Sharjah,25.3575,55.3919,United Arab Emirates,AE,ARE
528,1,2,3,0,0,36,53,43,Farīdābād,Faridabad,28.4333,77.3167,India,IN,IND
529,1,3,1,0,0,29,41,47,Ulaanbaatar,Ulaanbaatar,47.9203,106.9172,Mongolia,MN,MNG
530,1,2,0,1,0,62,74,70,Goiânia,Goiania,-16.6806,-49.2564,Brazil,BR,BRA
531,1,2,0,1,1,68,67,73,Kayseri,Kayseri,38.7333,35.4833,Turkey,TR,TUR
532,1,2,5,1,0,47,54,53,Yueqing,Yueqing,28.1188,120.9621,China,CN,CHN
533,0,4,0,1,1,62,61,58,Belgrade,Belgrade,44.8167,20.4667,Serbia,RS,SRB
534,1,4,0,1,1,79,88,94,Pingdu,Pingdu,36.7833,119.9556,China,CN,CHN
535,0,1,3,1,1,73,69,68,Milan,Milan,45.4669,9.19,Italy,IT,ITA
536,1,2,1,0,1,66,83,83,Aurangābād,Aurangabad,19.88,75.32,India,IN,IND
537,0,2,0,1,1,51,60,58,Yutan,Yutan,28.3147,112.554,China,CN,CHN
538,1,3,3,1,0,51,66,62,Wenling,Wenling,28.3797,121.3718,China,CN,CHN
539,0,4,1,1,1,85,66,71,Milwaukee,Milwaukee,43.0642,-87.9673,United States,US,USA
540,0,0,0,1,1,97,92,86,Sofia,Sofia,42.6979,23.3217,Bulgaria,BG,BGR
541,0,2,3,1,1,75,69,68,Adelaide,Adelaide,-34.9289,138.6011,Australia,AU,AUS
542,0,3,0,0,1,79,82,80,Prague,Prague,50.0833,14.4167,Czechia,CZ,CZE
543,1,2,0,1,0,81,77,79,Samsun,Samsun,41.2867,36.33,Turkey,TR,TUR
544,1,3,0,1,0,82,95,89,Rājkot,Rajkot,22.2969,70.7984,India,IN,IND
545,1,3,4,1,0,64,63,66,Liangshi,Liangshi,27.2578,111.7351,China,CN,CHN
546,0,4,5,0,1,78,83,80,Khulna,Khulna,22.8167,89.55,Bangladesh,BD,BGD
547,1,0,5,1,1,92,100,97,Córdoba,Cordoba,-31.4167,-64.1833,Argentina,AR,ARG
548,0,2,3,1,1,72,67,64,Guarulhos,Guarulhos,-23.4667,-46.5333,Brazil,BR,BRA
549,1,2,3,0,0,62,67,64,Juárez,Juarez,31.7386,-106.487,Mexico,MX,MEX
550,0,2,4,1,0,79,72,69,Saitama,Saitama,35.8617,139.6453,Japan,JP,JPN
551,0,2,5,0,0,79,76,65,Montevideo,Montevideo,-34.8667,-56.1667,Uruguay,UY,URY
552,0,1,1,0,1,87,90,88,Mbuji-Mayi,Mbuji-Mayi,-6.1209,23.5967,Congo (Kinshasa),CD,COD
553,1,1,0,1,0,40,48,50,Fuqing,Fuqing,25.7232,119.3735,China,CN,CHN
554,0,3,2,0,0,77,62,64,Xintai,Xintai,35.91,117.78,China,CN,CHN
555,0,4,0,1,0,53,45,40,Doha,Doha,25.3,51.5333,Qatar,QA,QAT
556,1,2,2,0,0,32,39,33,Hiroshima,Hiroshima,34.4,132.45,Japan,JP,JPN
557,1,2,0,1,1,55,72,79,Meerut,Meerut,28.99,77.7,India,IN,IND
558,0,2,4,0,0,61,67,66,Yushu,Yushu,44.8249,126.5451,China,CN,CHN
559,1,1,0,0,0,53,70,70,Rongcheng,Rongcheng,26.2312,104.0966,China,CN,CHN
560,0,3,5,1,0,73,66,62,Huazhou,Huazhou,21.654,110.6294,China,CN,CHN
561,1,3,2,1,1,74,75,79,Yangquan,Yangquan,37.8576,113.5762,China,CN,CHN
562,1,2,2,1,0,63,74,74,Haicheng,Haicheng,40.8523,122.7474,China,CN,CHN
563,0,2,1,1,1,96,90,92,Yingtan,Yingtan,28.2333,117,China,CN,CHN
564,1,3,2,0,1,63,80,80,Huaiyin,Huaiyin,33.58,119.03,China,CN,CHN
565,0,1,1,0,0,48,51,46,Wuzhong,Wuzhong,37.9874,106.1919,China,CN,CHN
566,0,1,0,1,0,48,43,45,Barranquilla,Barranquilla,10.9639,-74.7964,Colombia,CO,COL
567,1,4,1,0,1,92,100,100,Jabalpur,Jabalpur,23.1667,79.9333,India,IN,IND
568,1,3,4,0,1,61,71,78,Thāne,Thane,19.18,72.9633,India,IN,IND
569,0,1,3,0,0,63,48,47,Zhangye,Zhangye,38.9355,100.4553,China,CN,CHN
570,0,3,1,0,0,68,68,67,Rucheng,Rucheng,32.3852,120.5634,China,CN,CHN
571,0,1,2,1,1,71,75,70,Nizhniy Novgorod,Nizhniy Novgorod,56.3269,44.0075,Russia,RU,RUS
572,0,0,1,1,0,91,96,92,Comayagüela,Comayaguela,14.0833,-87.2167,Honduras,HN,HND
573,1,2,2,1,0,53,62,56,Shaoyang,Shaoyang,32.9387,119.8404,China,CN,CHN
574,1,2,3,0,1,50,66,64,Dhanbād,Dhanbad,23.7928,86.435,India,IN,IND
575,1,4,3,1,0,74,81,71,Yichun,Yichun,47.7235,128.8893,China,CN,CHN
576,0,0,0,0,1,40,55,53,Laiwu,Laiwu,36.1833,117.6667,China,CN,CHN
577,0,0,2,1,1,61,51,52,Jingling,Jingling,30.6667,113.1667,China,CN,CHN
578,1,1,3,1,0,81,91,89,Kazan,Kazan,55.7908,49.1144,Russia,RU,RUS
579,1,1,2,0,1,48,56,58,Dayan,Dayan,26.8808,100.2208,China,CN,CHN
580,1,3,4,1,0,53,61,68,Suwon,Suwon,37.2858,127.01,"Korea, South",KR,KOR
581,1,3,5,1,0,81,97,96,Jiangyin,Jiangyin,31.9087,120.2653,China,CN,CHN
582,1,4,5,1,0,77,79,80,Yongcheng,Yongcheng,33.9317,116.4459,China,CN,CHN
583,1,3,1,0,0,63,73,78,Calgary,Calgary,51.05,-114.0667,Canada,CA,CAN
584,1,3,0,1,1,73,75,80,Cần Thơ,Can Tho,10.0333,105.7833,Vietnam,VN,VNM
585,1,3,2,1,0,69,77,77,Abuja,Abuja,9.0556,7.4914,Nigeria,NG,NGA
586,1,2,0,1,0,65,76,76,Yiwu,Yiwu,29.3081,120.0698,China,CN,CHN
587,1,0,3,1,0,55,73,73,Mandalay,Mandalay,21.9769,96.0869,Myanmar,MM,MMR
588,1,2,1,0,0,44,63,62,Beidao,Beidao,34.6,105.92,China,CN,CHN
589,1,2,2,1,0,54,64,65,Al Başrah,Al Basrah,30.4889,47.81,Iraq,IQ,IRQ
590,1,0,5,1,0,48,66,65,Shuangshui,Shuangshui,26.5944,104.8333,China,CN,CHN
591,0,2,2,0,0,58,57,54,Vila Velha,Vila Velha,3.2167,-51.2167,Brazil,BR,BRA
592,0,0,5,1,0,71,62,50,Allahābād,Allahabad,25.455,81.84,India,IN,IND
593,0,4,1,1,0,68,68,64,Vārānasi,Varanasi,25.3189,83.0128,India,IN,IND
594,1,4,3,1,0,74,76,73,Chelyabinsk,Chelyabinsk,55.15,61.4,Russia,RU,RUS
595,1,2,1,1,1,92,100,99,Mombasa,Mombasa,-4.05,39.6667,Kenya,KE,KEN
596,1,2,1,1,1,56,79,72,Providence,Providence,41.823,-71.4187,United States,US,USA
597,0,1,3,0,0,30,24,15,Qom,Qom,34.6461,50.8789,Iran,IR,IRN
598,0,0,5,1,0,53,54,48,Maiduguri,Maiduguri,11.8333,13.15,Nigeria,NG,NGA
599,1,3,3,1,0,69,77,73,Maputo,Maputo,-25.9153,32.5764,Mozambique,MZ,MOZ
600,1,3,5,1,0,65,82,81,Rosario,Rosario,-32.9575,-60.6394,Argentina,AR,ARG
601,1,3,4,1,0,54,60,63,Benin City,Benin City,6.3176,5.6145,Nigeria,NG,NGA
602,1,2,3,1,0,29,29,30,Xinyu,Xinyu,27.795,114.9242,China,CN,CHN
603,1,4,2,1,0,76,78,80,Pikine,Pikine,14.75,-17.4,Senegal,SN,SEN
604,0,3,3,0,0,60,57,51,Ahvāz,Ahvaz,31.3203,48.6692,Iran,IR,IRN
605,0,3,4,0,1,84,89,90,Dublin,Dublin,53.3497,-6.2603,Ireland,IE,IRL
606,0,2,5,1,0,75,72,62,Jacksonville,Jacksonville,30.3322,-81.6749,United States,US,USA
607,1,2,0,1,0,85,84,82,Medina,Medina,24.4667,39.6,Saudi Arabia,SA,SAU
608,1,2,4,0,0,40,58,54,Srīnagar,Srinagar,34.0911,74.8061,India,IN,IND
609,1,4,2,1,0,61,64,62,Omsk,Omsk,54.9667,73.3833,Russia,RU,RUS
610,1,1,0,1,0,58,63,65,Cilacap,Cilacap,-7.7167,109.017,Indonesia,ID,IDN
611,0,3,2,0,1,69,60,63,Bandar Lampung,Bandar Lampung,-5.4294,105.2625,Indonesia,ID,IDN
612,1,2,2,1,0,58,59,66,Samara,Samara,53.1833,50.1167,Russia,RU,RUS
613,0,2,1,1,1,94,90,91,Guankou,Guankou,28.1417,113.625,China,CN,CHN
614,1,2,0,1,0,65,77,74,Ulsan,Ulsan,35.55,129.3167,"Korea, South",KR,KOR
615,1,0,0,1,0,82,93,93,Dingzhou,Dingzhou,38.5158,114.9845,China,CN,CHN
616,1,2,3,1,0,60,68,72,Campinas,Campinas,-22.9009,-47.0573,Brazil,BR,BRA
617,1,4,1,1,0,37,45,38,Lianyuan,Lianyuan,27.6961,111.6659,China,CN,CHN
618,0,3,1,1,0,88,78,83,Rongcheng,Rongcheng,29.8239,112.9019,China,CN,CHN
619,0,3,4,1,0,95,81,84,Kaiyuan,Kaiyuan,36.0656,113.8153,China,CN,CHN
620,0,2,0,0,1,65,73,68,Nay Pyi Taw,Nay Pyi Taw,19.7475,96.115,Myanmar,MM,MMR
621,1,2,3,0,0,35,61,54,Dakar,Dakar,14.7319,-17.4572,Senegal,SN,SEN
622,0,1,1,0,0,62,63,56,Zhuji,Zhuji,29.7169,120.2314,China,CN,CHN
623,0,2,3,0,1,58,51,52,Kigali,Kigali,-1.9536,30.0606,Rwanda,RW,RWA
624,0,0,2,1,1,100,96,86,Zapopan,Zapopan,20.7167,-103.4,Mexico,MX,MEX
625,1,4,1,0,0,61,58,62,Leiyang,Leiyang,26.4179,112.8457,China,CN,CHN
626,0,3,2,1,1,100,97,99,Santiago,Santiago,19.45,-70.7,Dominican Republic,DO,DOM
627,0,1,0,0,1,69,70,63,Dadukou,Dadukou,26.5849,101.7149,China,CN,CHN
628,0,3,0,1,0,61,48,46,Xiantao,Xiantao,30.3833,113.4,China,CN,CHN
629,0,3,2,0,0,49,57,46,Amritsar,Amritsar,31.6167,74.85,India,IN,IND
630,1,2,5,1,1,44,51,55,Callao,Callao,-12.0611,-77.1333,Peru,PE,PER
631,0,3,2,1,0,67,64,70,Alīgarh,Aligarh,27.88,78.08,India,IN,IND
632,0,1,3,1,0,79,60,65,Yingchuan,Yingchuan,34.1511,113.4733,China,CN,CHN
633,1,1,1,1,1,66,74,81,Tegucigalpa,Tegucigalpa,14.0942,-87.2067,Honduras,HN,HND
634,1,2,3,1,0,75,88,85,Ciudad Nezahualcóyotl,Ciudad Nezahualcoyotl,19.41,-99.03,Mexico,MX,MEX
635,0,3,5,1,0,84,84,80,Tripoli,Tripoli,32.8752,13.1875,Libya,LY,LBY
636,0,0,3,1,0,71,74,64,Rostov,Rostov,47.2333,39.7167,Russia,RU,RUS
637,1,1,3,0,1,67,80,81,Nezahualcóyotl,Nezahualcoyotl,19.4,-98.9889,Mexico,MX,MEX
638,1,3,5,1,1,80,92,88,Bhiwandi,Bhiwandi,19.3,73.0667,India,IN,IND
639,0,4,2,1,0,86,76,74,Zhoushan,Zhoushan,30.0162,122.0988,China,CN,CHN
640,1,3,0,1,0,76,74,73,Tbilisi,Tbilisi,41.7225,44.7925,Georgia,GE,GEO
641,0,3,3,1,0,41,52,51,Ufa,Ufa,54.7333,55.9667,Russia,RU,RUS
642,1,3,0,0,1,74,88,90,Fès,Fes,34.0433,-5.0033,Morocco,MA,MAR
643,1,1,5,0,0,72,81,79,Sevilla,Sevilla,37.39,-5.99,Spain,ES,ESP
644,1,4,3,1,1,74,79,80,Mexicali,Mexicali,32.6633,-115.4678,Mexico,MX,MEX
645,0,1,3,1,0,70,65,60,Biên Hòa,Bien Hoa,10.9277,106.8681,Vietnam,VN,VNM
646,1,1,1,1,1,65,81,81,Gwalior,Gwalior,26.215,78.1931,India,IN,IND
647,1,3,0,1,0,59,70,65,Ankang,Ankang,32.6877,109.0235,China,CN,CHN
648,1,4,3,0,0,64,62,68,Ikare,Ikare,7.5304,5.76,Nigeria,NG,NGA
649,1,1,3,1,0,50,53,55,Huambo,Huambo,-12.7667,15.7333,Angola,AO,AGO
650,1,3,2,1,1,69,79,81,Hegang,Hegang,47.3139,130.2775,China,CN,CHN
651,0,2,5,0,1,51,56,53,Salt Lake City,Salt Lake City,40.7777,-111.9306,United States,US,USA
652,1,0,3,1,1,68,80,76,Bhilai,Bhilai,21.2167,81.4333,India,IN,IND
653,1,3,2,1,1,85,86,98,Yuyao,Yuyao,30.0372,121.1546,China,CN,CHN
654,1,0,0,1,1,65,70,74,N’Djamena,N'Djamena,12.11,15.05,Chad,TD,TCD
655,1,1,5,1,0,73,79,79,Hanchuan,Hanchuan,30.652,113.8274,China,CN,CHN
656,1,1,2,1,0,62,67,67,Gongzhuling,Gongzhuling,43.5036,124.8088,China,CN,CHN
657,0,2,0,0,0,77,67,64,Irbid,Irbid,32.5556,35.85,Jordan,JO,JOR
658,0,3,5,1,0,69,66,61,Hāora,Haora,22.59,88.31,India,IN,IND
659,1,3,0,0,0,43,60,58,Cologne,Cologne,50.9422,6.9578,Germany,DE,DEU
660,0,3,0,1,0,90,87,85,Krasnoyarsk,Krasnoyarsk,56.0167,92.8667,Russia,RU,RUS
661,0,2,2,0,0,74,77,73,Yicheng,Yicheng,31.3697,119.8239,China,CN,CHN
662,0,2,5,1,0,73,66,63,São Gonçalo,Sao Goncalo,-22.8269,-43.0539,Brazil,BR,BRA
663,1,3,2,0,0,55,71,69,Nashville,Nashville,36.1715,-86.7843,United States,US,USA
664,1,2,3,1,0,65,69,67,Yerevan,Yerevan,40.1814,44.5144,Armenia,AM,ARG
665,0,3,0,1,0,80,63,63,Rānchi,Ranchi,23.3556,85.3347,India,IN,IND
666,1,2,5,0,1,50,60,60,Nur-Sultan,Nur-Sultan,51.1333,71.4333,Kazakhstan,KZ,KAZ
667,1,2,2,0,1,63,73,71,Nouakchott,Nouakchott,18.0858,-15.9785,Mauritania,MR,MRT
668,1,1,1,0,0,77,85,87,Vereeniging,Vereeniging,-26.6736,27.9319,South Africa,ZA,ZAF
669,0,2,2,1,0,73,74,61,Richmond,Richmond,37.5295,-77.4756,United States,US,USA
670,0,3,0,1,1,81,72,77,São Luís,Sao Luis,-2.53,-44.3028,Brazil,BR,BRA
671,1,2,3,0,0,66,76,68,San Pedro Sula,San Pedro Sula,15.5,-88.0333,Honduras,HN,HND
672,0,3,0,0,0,52,57,50,Taixing,Taixing,32.1724,120.0142,China,CN,CHN
673,1,2,2,1,0,69,78,76,Memphis,Memphis,35.1046,-89.9773,United States,US,USA
674,1,2,0,1,1,65,84,84,Goyang,Goyang,37.6564,126.835,"Korea, South",KR,KOR
675,1,3,3,1,1,69,77,78,Bezwāda,Bezwada,16.5167,80.6167,India,IN,IND
676,1,1,2,1,1,50,64,66,Edmonton,Edmonton,53.5344,-113.4903,Canada,CA,CAN
677,1,4,2,1,1,73,78,76,Mizhou,Mizhou,35.99,119.3801,China,CN,CHN
678,1,2,5,1,1,70,82,76,Tunis,Tunis,36.8008,10.18,Tunisia,TN,TUN
679,0,3,0,0,0,81,75,78,Xishan,Xishan,27.6609,113.4946,China,CN,CHN
680,0,3,2,0,0,63,61,60,Ezhou,Ezhou,30.3972,114.8842,China,CN,CHN
681,1,3,3,1,0,67,72,74,Barquisimeto,Barquisimeto,10.0678,-69.3467,Venezuela,VE,VEN
682,0,1,3,1,0,60,68,60,Sendai,Sendai,38.2683,140.8694,Japan,JP,JPN
683,0,1,3,1,0,62,55,54,Voronezh,Voronezh,51.6717,39.2106,Russia,RU,RUS
684,1,2,5,0,1,29,40,44,Perm,Perm,58.0139,56.2489,Russia,RU,RUS
685,0,1,2,1,1,62,66,68,Changwon,Changwon,35.2281,128.6811,"Korea, South",KR,KOR
686,1,4,4,1,1,94,99,100,Zhongwei,Zhongwei,37.5139,105.1884,China,CN,CHN
687,0,4,2,1,1,85,75,68,Shouguang,Shouguang,36.8833,118.7333,China,CN,CHN
688,0,3,0,0,0,77,78,73,Bogor,Bogor,-6.6,106.8,Indonesia,ID,IDN
689,0,0,3,0,0,53,58,44,Raleigh,Raleigh,35.8325,-78.6435,United States,US,USA
690,0,4,2,0,0,93,90,83,Cartagena,Cartagena,10.4236,-75.5253,Colombia,CO,COL
691,1,2,0,1,0,49,53,53,Chandīgarh,Chandigarh,30.7353,76.7911,India,IN,IND
692,1,4,0,0,0,73,76,78,Bishkek,Bishkek,42.8667,74.5667,Kyrgyzstan,KG,KGZ
693,1,2,1,0,1,66,74,81,Matola,Matola,-25.9667,32.4667,Mozambique,MZ,MOZ
694,1,3,0,1,0,77,77,73,Ogbomoso,Ogbomoso,8.1333,4.25,Nigeria,NG,NGA
695,1,2,5,1,0,49,63,56,Ashgabat,Ashgabat,37.95,58.3833,Turkmenistan,TM,TKM
696,1,3,2,0,0,79,89,86,Maceió,Maceio,-9.6658,-35.735,Brazil,BR,BRA
697,1,2,0,1,1,75,82,90,Niamey,Niamey,13.5086,2.1111,Niger,NE,NER
698,1,0,1,1,0,59,72,70,Managua,Managua,12.15,-86.2667,Nicaragua,NI,NIC
699,1,3,0,1,1,57,78,79,Patam,Patam,1.0678,104.0167,Indonesia,ID,IDN
700,0,2,3,0,0,66,66,59,Tekirdağ,Tekirdag,40.9833,27.5167,Turkey,TR,TUR
701,1,4,1,1,1,79,81,82,Shubrā al Khaymah,Shubra al Khaymah,30.1286,31.2422,Egypt,EG,EGY
702,1,1,5,1,0,57,67,72,Linhai,Linhai,28.8523,121.1409,China,CN,CHN
703,0,0,1,1,1,87,84,87,Monrovia,Monrovia,6.3106,-10.8047,Liberia,LR,LBR
704,1,3,2,1,0,63,64,67,Wafangdian,Wafangdian,39.6271,121.9972,China,CN,CHN
705,1,1,5,0,1,59,63,64,Zhongxiang,Zhongxiang,31.169,112.5853,China,CN,CHN
706,0,0,1,0,0,62,72,65,Odesa,Odesa,46.4775,30.7326,Ukraine,UA,UKR
707,0,3,3,1,0,46,34,36,Shymkent,Shymkent,42.3,69.6,Kazakhstan,KZ,KAZ
708,0,2,2,1,0,66,59,52,New Orleans,New Orleans,30.0687,-89.9288,United States,US,USA
709,0,3,3,1,0,89,87,79,Thủ Đức,Thu Duc,10.8199,106.7909,Vietnam,VN,VNM
710,1,3,0,0,1,42,61,58,Volgograd,Volgograd,48.7086,44.5147,Russia,RU,RUS
711,0,2,2,1,1,93,84,90,Port-au-Prince,Port-au-Prince,18.5425,-72.3386,Haiti,HT,HTI
712,1,4,5,1,1,80,85,85,Islamabad,Islamabad,33.6989,73.0369,Pakistan,PK,PAK
713,1,3,2,1,0,98,100,99,Mysore,Mysore,12.3086,76.6531,India,IN,IND
714,0,3,4,1,0,81,81,84,Xinyi,Xinyi,22.3559,110.9369,China,CN,CHN
715,1,1,5,1,1,60,70,74,Kathmandu,Kathmandu,27.7167,85.3667,Nepal,NP,NPL
716,1,1,0,0,1,76,94,87,Raipur,Raipur,21.2379,81.6337,India,IN,IND
717,0,2,0,1,1,73,78,72,Nice,Nice,43.7034,7.2663,France,FR,FRA
718,1,2,0,1,1,96,96,99,Arequipa,Arequipa,-16.3988,-71.5369,Peru,PE,PER
719,1,2,3,1,0,76,76,74,Port Harcourt,Port Harcourt,4.75,7,Nigeria,NG,NGA
720,0,4,0,0,1,91,73,80,Louisville,Louisville,38.1663,-85.6485,United States,US,USA
721,1,2,2,0,0,62,72,70,Zaoyang,Zaoyang,32.1287,112.7581,China,CN,CHN
722,0,3,5,0,1,55,59,59,Shuizhai,Shuizhai,33.4433,114.8994,China,CN,CHN
723,1,1,5,0,1,74,90,88,Dnipro,Dnipro,48.45,34.9833,Ukraine,UA,UKR
724,0,2,3,1,0,50,48,42,Kota,Kota,25.18,75.83,India,IN,IND
725,0,1,2,1,0,47,43,41,Quetta,Quetta,30.192,67.007,Pakistan,PK,PAK
726,0,4,2,1,1,81,74,71,Abu Dhabi,Abu Dhabi,24.4781,54.3686,United Arab Emirates,AE,ARE
727,1,4,0,1,1,65,75,77,Stockholm,Stockholm,59.3294,18.0686,Sweden,SE,SWE
728,0,4,5,1,1,68,51,57,Ottawa,Ottawa,45.4247,-75.695,Canada,CA,CAN
729,1,3,3,0,0,73,92,84,Asmara,Asmara,15.3333,38.9167,Eritrea,ER,ERI
730,0,2,2,1,0,53,39,37,Freetown,Freetown,8.4833,-13.2331,Sierra Leone,SL,SLE
731,1,1,0,0,1,68,77,80,Jerusalem,Jerusalem,31.7833,35.2167,Israel,IL,ISR
732,0,0,5,0,0,55,46,43,Bangui,Bangui,4.3732,18.5628,Central African Republic,CF,CAF
733,1,2,2,1,1,87,89,94,Panama City,Panama City,9,-79.5,Panama,PA,PAN
734,0,3,5,1,0,55,47,44,Amsterdam,Amsterdam,52.3667,4.8833,Netherlands,NL,NLD
735,1,4,2,0,0,53,58,57,Lomé,Lome,6.1319,1.2228,Togo,TG,TGO
736,0,2,4,1,0,67,57,59,Libreville,Libreville,0.3901,9.4544,Gabon,GA,GAB
737,0,2,0,1,0,92,79,84,Zagreb,Zagreb,45.8,15.95,Croatia,HR,HRV
738,1,1,2,0,1,53,66,73,Dushanbe,Dushanbe,38.5731,68.7864,Tajikistan,TJ,TJK
739,0,3,0,1,0,81,71,73,Lilongwe,Lilongwe,-13.9833,33.7833,Malawi,MW,MWI
740,0,2,3,0,0,61,60,55,Cotonou,Cotonou,6.4,2.52,Benin,BJ,BEN
741,0,3,1,1,0,80,73,72,Vientiane,Vientiane,17.9667,102.6,Laos,LA,LAO
742,1,0,0,0,0,37,57,56,Colombo,Colombo,6.9167,79.8333,Sri Lanka,LK,LKA
743,1,2,3,1,0,81,84,82,Pretoria,Pretoria,-25.7464,28.1881,South Africa,ZA,ZAF
744,1,2,0,1,1,59,73,72,Winnipeg,Winnipeg,49.8844,-97.1464,Canada,CA,CAN
745,0,1,2,0,0,55,55,47,Quebec City,Quebec City,46.8139,-71.2081,Canada,CA,CAN
746,0,3,0,1,0,72,79,74,Oslo,Oslo,59.9111,10.7528,Norway,NO,NOR
747,0,3,3,1,0,69,75,71,Athens,Athens,37.9842,23.7281,Greece,GR,GRC
748,0,2,2,1,0,69,64,68,Bujumbura,Bujumbura,-3.3825,29.3611,Burundi,BI,BDI
749,1,2,1,0,0,50,60,59,Helsinki,Helsinki,60.1756,24.9342,Finland,FI,FIN
750,0,1,2,1,1,87,84,86,Skopje,Skopje,41.9833,21.4333,Macedonia,MK,MKD
751,0,3,5,1,1,71,69,68,Chisinau,Chisinau,47.0228,28.8353,Moldova,MD,MDA
752,0,4,2,1,0,68,72,65,Riga,Riga,56.9475,24.1069,Latvia,LV,LVA
753,0,2,4,0,1,79,77,75,Copenhagen,Copenhagen,55.6761,12.5689,Denmark,DK,DNK
754,1,2,5,1,1,77,90,85,Kingston,Kingston,17.9714,-76.7931,Jamaica,JM,JAM
755,0,2,0,0,0,58,55,53,Rabat,Rabat,34.0253,-6.8361,Morocco,MA,MAR
756,1,4,0,1,0,84,95,92,Vilnius,Vilnius,54.6833,25.2833,Lithuania,LT,LTU
757,0,3,2,1,0,55,58,52,San Salvador,San Salvador,13.6989,-89.1914,El Salvador,SV,SLV
758,0,4,1,0,1,70,68,72,Djibouti,Djibouti,11.595,43.1481,Djibouti,DJ,DJI
759,1,3,2,0,1,52,59,65,Lisbon,Lisbon,38.7452,-9.1604,Portugal,PT,PRT
760,0,1,2,1,1,69,77,77,Kitchener,Kitchener,43.4186,-80.4728,Canada,CA,CAN
761,1,2,3,0,0,53,72,64,Tallinn,Tallinn,59.4372,24.745,Estonia,EE,EST
762,1,3,5,1,0,48,58,54,Cape Town,Cape Town,-33.925,18.425,South Africa,ZA,ZAF
763,0,3,5,1,1,78,81,86,Bratislava,Bratislava,48.1447,17.1128,Slovakia,SK,SVK
764,1,1,3,1,0,62,62,63,Tirana,Tirana,41.33,19.82,Albania,AL,ALB
765,0,3,2,1,0,60,63,59,Canberra,Canberra,-35.2931,149.1269,Australia,AU,AUS
766,1,1,3,1,0,74,72,72,Wellington,Wellington,-41.2889,174.7772,New Zealand,NZ,NZL
767,1,2,3,1,1,58,75,77,Beirut,Beirut,33.8869,35.5131,Lebanon,LB,LBN
768,0,1,3,1,1,76,62,60,Dodoma,Dodoma,-6.1835,35.746,Tanzania,TZ,TZA
769,1,3,5,1,0,68,71,75,Halifax,Halifax,44.6475,-63.5906,Canada,CA,CAN
770,0,0,2,0,0,58,60,57,Bissau,Bissau,11.8592,-15.5956,Guinea-Bissau,GW,GNB
771,0,1,3,1,0,52,48,49,Juba,Juba,4.85,31.6,South Sudan,SS,SSD
772,0,3,1,1,0,75,73,74,Port Moresby,Port Moresby,-9.4789,147.1494,Papua New Guinea,PG,PNG
773,1,1,5,0,1,52,67,72,Yamoussoukro,Yamoussoukro,6.8161,-5.2742,Côte D’Ivoire,CI,CIV
774,1,2,1,0,0,62,78,79,Victoria,Victoria,48.4283,-123.3647,Canada,CA,CAN
775,0,1,2,1,0,66,65,60,Maseru,Maseru,-29.31,27.48,Lesotho,LS,LSO
776,1,1,5,0,0,49,58,55,Nicosia,Nicosia,35.1725,33.365,Cyprus,CY,CYP
777,1,1,3,1,0,66,72,70,Windhoek,Windhoek,-22.57,17.0836,Namibia,NA,NAM
778,1,2,2,0,0,35,44,43,Porto-Novo,Porto-Novo,6.4833,2.6167,Benin,BJ,BEN
779,1,0,2,1,1,72,79,82,Sucre,Sucre,-19.0431,-65.2592,Bolivia,BO,BOL
780,0,4,0,1,1,94,85,82,San José,San Jose,9.9333,-84.0833,Costa Rica,CR,CRI
781,1,3,0,0,0,46,56,57,Ljubljana,Ljubljana,46.05,14.5167,Slovenia,SI,SVN
782,1,1,4,1,0,77,90,84,Sarajevo,Sarajevo,43.8667,18.4167,Bosnia And Herzegovina,BA,BIH
783,1,1,3,0,1,76,85,82,Nassau,Nassau,25.0667,-77.3333,"Bahamas, The",BS,BHS
784,1,2,0,1,1,52,59,62,Bloemfontein,Bloemfontein,-29.1,26.2167,South Africa,ZA,ZAF
785,0,2,1,1,1,91,81,79,Fort-de-France,Fort-de-France,14.6104,-61.08,Martinique,MQ,MTQ
786,1,1,5,1,1,32,51,44,Gaborone,Gaborone,-24.6569,25.9086,Botswana,BW,BWA
787,1,4,5,0,0,72,79,77,Paramaribo,Paramaribo,5.8667,-55.1667,Suriname,SR,SUR
788,1,1,2,1,0,19,38,32,Dili,Dili,-8.5586,125.5736,Timor-Leste,TL,TLS
789,0,2,0,0,0,68,65,61,Pristina,Pristina,42.6667,21.1667,Kosovo,XK,XKS
790,1,2,4,0,0,52,65,61,Georgetown,Georgetown,6.7833,-58.1667,Guyana,GY,GUY
791,1,1,3,1,0,48,62,60,Malabo,Malabo,3.7521,8.7737,Equatorial Guinea,GQ,GNQ
792,1,3,2,0,0,60,66,70,Gibraltar,Gibraltar,36.1324,-5.3781,Gibraltar,GI,GIB
793,0,3,3,0,0,66,74,69,Saint-Denis,Saint-Denis,-20.8789,55.4481,Reunion,RE,REU
794,0,4,5,1,1,89,84,77,Male,Male,4.175,73.5083,Maldives,MV,MDV
795,1,1,3,1,0,42,52,51,Podgorica,Podgorica,42.4397,19.2661,Montenegro,ME,MNE
796,1,4,0,0,1,57,68,73,Manama,Manama,26.225,50.5775,Bahrain,BH,BHR
797,0,3,3,1,0,70,70,70,Port Louis,Port Louis,-20.1667,57.5,Mauritius,MU,MUS
798,1,4,0,0,0,70,84,81,Willemstad,Willemstad,12.108,-68.935,Curaçao,CW,CUW
799,0,4,2,1,0,69,60,54,New Delhi,New Delhi,28.7,77.2,India,IN,IND
800,1,2,0,1,0,52,55,57,Bern,Bern,46.948,7.4474,Switzerland,CH,CHE
801,0,2,5,1,1,67,73,68,Papeete,Papeete,-17.5334,-149.5667,French Polynesia,PF,PYF
802,0,2,5,1,1,76,80,73,Reykjavík,Reykjavik,64.1475,-21.935,Iceland,IS,ISL
803,1,4,0,1,0,87,94,95,Praia,Praia,14.9177,-23.5092,Cabo Verde,CV,CPV
804,1,1,2,1,0,82,85,87,Luxembourg,Luxembourg,49.6106,6.1328,Luxembourg,LU,LUX
805,1,2,2,1,0,73,76,78,Sri Jayewardenepura Kotte,Sri Jayewardenepura Kotte,6.9,79.9164,Sri Lanka,LK,LKA
806,0,0,2,0,0,75,81,74,Bridgetown,Bridgetown,13.0975,-59.6167,Barbados,BB,BRB
807,1,3,2,0,0,64,74,75,Moroni,Moroni,-11.7036,43.2536,Comoros,KM,COM
808,1,4,3,0,0,41,45,40,Thimphu,Thimphu,27.4833,89.6333,Bhutan,BT,BTN
809,0,2,3,1,0,90,75,69,Mbabane,Mbabane,-26.3208,31.1617,Swaziland,SZ,SWZ
810,0,1,1,1,0,59,54,51,Nouméa,Noumea,-22.2625,166.4443,New Caledonia,NC,NCL
811,0,0,5,1,0,51,31,36,Honiara,Honiara,-9.4333,159.95,Solomon Islands,SB,SLB
812,0,0,3,0,0,45,47,49,Suva,Suva,-18.1333,178.4333,Fiji,FJ,FJI
813,1,2,4,1,1,54,64,67,Castries,Castries,14.0167,-60.9833,Saint Lucia,LC,LCA
814,0,4,5,1,1,87,84,76,Cayenne,Cayenne,4.933,-52.33,French Guiana,GF,GUF
815,1,2,3,1,0,72,80,83,São Tomé,Sao Tome,0.3333,6.7333,Sao Tome And Principe,ST,STP
816,0,1,5,1,1,94,86,87,Port-Vila,Port-Vila,-17.7333,168.3167,Vanuatu,VU,VUT
817,1,0,1,1,0,45,59,64,Hamilton,Hamilton,32.2942,-64.7839,Bermuda,BM,BMU
818,0,3,1,0,1,61,70,76,Bandar Seri Begawan,Bandar Seri Begawan,4.9167,114.9167,Brunei,BN,BRN
819,1,1,3,0,0,60,72,68,Monaco,Monaco,43.7396,7.4069,Monaco,MC,MCO
820,1,2,5,1,0,77,91,88,Gitega,Gitega,-3.4264,29.9306,Burundi,BI,BDI
821,1,0,5,1,1,85,90,92,Port of Spain,Port of Spain,10.6667,-61.5167,Trinidad And Tobago,TT,TTO
822,1,3,1,0,0,78,90,93,Apia,Apia,-13.8333,-171.8333,Samoa,WS,WSM
823,0,4,2,0,1,49,52,51,Douglas,Douglas,54.15,-4.4819,Isle Of Man,IM,IMN
824,1,1,3,0,0,71,87,82,Oranjestad,Oranjestad,12.5186,-70.0358,Aruba,AW,ABW
825,1,2,5,0,0,48,58,52,Saint Helier,Saint Helier,49.1833,-2.1167,Jersey,JE,JEY
826,0,2,3,1,0,62,67,58,Vaduz,Vaduz,47.1415,9.5215,Liechtenstein,LI,LIE
827,1,2,0,0,1,56,68,70,Banjul,Banjul,13.4531,-16.5775,"Gambia, The",GM,GMB
828,1,2,5,1,0,65,69,76,Mamoudzou,Mamoudzou,-12.7871,45.275,Mayotte,YT,MYT
829,1,3,5,0,1,69,86,81,Majuro,Majuro,7.0918,171.3802,Marshall Islands,MH,MHL
830,0,1,5,1,0,68,54,53,Tarawa,Tarawa,1.3382,173.0176,Kiribati,KI,KIR
831,1,0,2,0,0,61,60,57,George Town,George Town,19.2866,-81.3744,Cayman Islands,KY,CYM
832,1,2,1,0,1,74,86,89,Victoria,Victoria,-4.6236,55.4544,Seychelles,SC,SYC
833,0,0,1,1,0,64,60,58,Kingstown,Kingstown,13.1667,-61.2333,Saint Vincent And The Grenadines,VC,VCT
834,1,1,3,1,1,77,82,89,Saint John’s,Saint John's,17.1211,-61.8447,Antigua And Barbuda,AG,ATG
835,0,1,2,1,0,58,50,45,Nuku‘alofa,Nuku`alofa,-21.1347,-175.2083,Tonga,TO,TON
836,1,2,3,1,1,60,64,74,Andorra la Vella,Andorra la Vella,42.5,1.5,Andorra,AD,AND
837,0,4,3,1,0,73,64,57,Nuuk,Nuuk,64.175,-51.7333,Greenland,GL,GRL
838,1,0,3,1,1,75,82,79,Belmopan,Belmopan,17.25,-88.7675,Belize,BZ,BLZ
839,0,1,0,0,1,58,57,53,Roseau,Roseau,15.3,-61.3833,Dominica,DM,DMA
840,1,2,0,1,0,66,77,73,Basseterre,Basseterre,17.2983,-62.7342,Saint Kitts And Nevis,KN,KNA
841,1,3,3,0,0,39,52,46,Tórshavn,Torshavn,62,-6.7833,Faroe Islands,FO,FRO
842,0,2,5,1,0,64,58,51,Pago Pago,Pago Pago,-14.274,-170.7046,American Samoa,AS,ASM
843,1,1,3,0,1,23,44,36,Valletta,Valletta,35.8978,14.5125,Malta,MT,MLT
844,0,1,2,0,1,74,77,76,Gaza,Gaza,31.5069,34.456,Gaza Strip,XG,XGZ
845,1,3,5,0,1,40,65,64,Grand Turk,Grand Turk,21.4664,-71.136,Turks And Caicos Islands,TC,TCA
846,0,4,4,1,0,90,85,84,Palikir,Palikir,6.9178,158.185,"Micronesia, Federated States Of",FM,FSM
847,0,2,4,1,1,91,85,85,Funafuti,Funafuti,-8.5167,179.2167,Tuvalu,TV,TUV
848,0,3,3,1,0,64,54,50,Lobamba,Lobamba,-26.4465,31.2064,Swaziland,SZ,SWZ
849,1,2,3,1,0,59,72,68,Avarua,Avarua,-21.207,-159.771,Cook Islands,CK,COK
850,0,3,0,1,0,80,75,69,Saint George’s,Saint George's,12.0444,-61.7417,Grenada,GD,GRD
851,0,2,4,1,0,71,67,67,San Marino,San Marino,43.932,12.4484,San Marino,SM,SMR
852,1,0,3,1,0,61,68,63,Al Quds,Al Quds,31.7764,35.2269,West Bank,XW,XWB
853,1,4,2,1,0,87,85,93,Capitol Hill,Capitol Hill,15.2137,145.7546,Northern Mariana Islands,MP,MNP
854,0,4,5,1,0,82,67,61,Basse-Terre,Basse-Terre,16,-61.7167,Guadeloupe,GP,GLP
855,0,2,5,1,0,62,64,55,Stanley,Stanley,-51.7,-57.85,Falkland Islands (Islas Malvinas),FK,FLK
856,1,1,1,1,0,97,97,96,Vatican City,Vatican City,41.9,12.4478,Vatican City,VA,VAT
857,0,1,2,0,0,75,68,65,Alofi,Alofi,-19.056,-169.921,Niue,NU,NIU
858,1,2,1,1,0,65,79,81,Hagåtña,Hagta,13.4745,144.7504,Guam,GU,GUM
859,0,1,3,1,1,52,49,46,Jamestown,Jamestown,-15.9251,-5.7179,"Saint Helena, Ascension, And Tristan Da Cunha",SH,SHN
860,0,2,0,0,0,87,73,72,Marigot,Marigot,18.0706,-63.0847,Saint Martin,MF,MAF
861,1,2,0,1,0,53,62,53,Philipsburg,Philipsburg,18.0256,-63.0492,Sint Maarten,SX,SXM
862,1,4,4,0,0,81,86,87,Road Town,Road Town,18.4167,-64.6167,"Virgin Islands, British",VG,VGB
863,0,3,1,0,1,39,42,38,Gustavia,Gustavia,17.8958,-62.8508,Saint Barthelemy,BL,BLM
864,1,2,2,1,1,71,71,80,Saint-Pierre,Saint-Pierre,46.7811,-56.1764,Saint Pierre And Miquelon,PM,SPM
865,0,2,0,1,0,97,93,91,The Valley,The Valley,18.2167,-63.05,Anguilla,AI,AIA
866,0,3,2,1,1,82,82,88,Mata-Utu,Mata-Utu,-13.2825,-176.1736,Wallis And Futuna,WF,WLF
867,0,2,3,0,0,59,53,52,Kingston,Kingston,-29.0569,167.9617,Norfolk Island,NF,NFK
868,0,1,0,1,0,61,42,41,Ngerulmud,Ngerulmud,7.5006,134.6242,Palau,PW,PLW
869,0,4,0,0,1,78,74,72,Tifariti,Tifariti,26.0928,-10.6089,Morocco,MA,MAR
870,0,2,0,0,0,49,51,51,Tifariti,Tifariti,26.0928,-10.6089,Western Sahara,EH,ESH
871,0,1,3,1,0,59,58,47,Longyearbyen,Longyearbyen,78.2167,15.6333,Svalbard,XR,XSV
872,1,2,2,1,1,70,72,76,Adamstown,Adamstown,-25.0667,-130.0833,Pitcairn Islands,PN,PCN
873,0,1,0,1,1,82,84,78,Flying Fish Cove,Flying Fish Cove,-10.4167,105.7167,Christmas Island,CX,CXR
874,0,4,0,0,0,90,90,82,Bareilly,Bareilly,28.364,79.415,India,IN,IND
875,1,2,1,0,0,43,62,61,Quảng Hà,Quang Ha,16.06,108.25,Vietnam,VN,VNM
876,0,2,2,0,0,80,64,66,Soacha,Soacha,4.5781,-74.2144,Colombia,CO,COL
877,0,3,2,1,0,81,82,84,Kitaku,Kitaku,33.8704,130.82,Japan,JP,JPN
878,0,2,5,1,0,57,61,54,Jodhpur,Jodhpur,26.2918,73.0168,India,IN,IND
879,1,3,5,1,0,59,72,80,Xingcheng,Xingcheng,24.1681,115.6669,China,CN,CHN
880,1,3,0,1,0,64,76,74,Dongtai,Dongtai,32.8534,120.3037,China,CN,CHN
881,0,2,1,1,1,63,64,66,Yingcheng,Yingcheng,24.1878,113.4042,China,CN,CHN
882,1,4,1,1,1,71,70,70,Al Manşūrah,Al Mansurah,31.05,31.3833,Egypt,EG,EGY
883,1,1,3,0,0,64,73,71,Glasgow,Glasgow,55.8609,-4.2514,United Kingdom,GB,GBR
884,0,3,1,0,0,55,46,44,Chiba,Chiba,35.6,140.1,Japan,JP,JPN
885,1,4,0,1,0,51,51,54,Luocheng,Luocheng,22.7645,111.5745,China,CN,CHN
886,1,2,0,1,1,62,76,80,Danyang,Danyang,31.9948,119.575,China,CN,CHN
887,1,4,0,1,1,93,100,95,Natal,Natal,-6.9838,-60.2699,Brazil,BR,BRA
888,0,2,3,0,0,54,72,59,Zhaodong,Zhaodong,46.0635,125.9773,China,CN,CHN
889,1,3,2,0,0,69,65,74,Nada,Nada,19.5,109.5833,China,CN,CHN
890,0,3,3,0,0,44,51,48,Xibeijie,Xibeijie,39.737,98.5049,China,CN,CHN
891,1,4,2,1,1,86,85,91,Kirkuk,Kirkuk,35.4667,44.4,Iraq,IQ,IRQ
892,1,4,0,1,0,85,92,85,Naples,Naples,40.8333,14.25,Italy,IT,ITA
893,1,0,4,0,0,50,67,73,Wuchuan,Wuchuan,21.4283,110.7749,China,CN,CHN
894,0,3,5,1,1,88,74,75,Huilong,Huilong,31.8131,121.6574,China,CN,CHN
895,1,4,0,1,0,59,62,69,Oklahoma City,Oklahoma City,35.4676,-97.5136,United States,US,USA
896,1,4,5,0,0,32,34,38,Toulouse,Toulouse,43.6045,1.444,France,FR,FRA
897,0,1,3,0,0,36,29,27,Málaga,Malaga,36.7194,-4.42,Spain,ES,ESP
898,1,1,5,0,1,63,78,79,Denizli,Denizli,37.7731,29.0878,Turkey,TR,TUR
899,0,3,0,1,1,67,54,63,Dispur,Dispur,26.15,91.77,India,IN,IND
900,1,3,5,1,1,65,78,82,Coimbatore,Coimbatore,11,76.9667,India,IN,IND
901,0,3,4,1,0,85,84,89,Guwāhāti,Guwahati,26.1667,91.7667,India,IN,IND
902,1,2,4,1,0,73,78,74,Sŏngnam,Songnam,37.4386,127.1378,"Korea, South",KR,KOR
903,1,0,3,0,1,34,48,41,Taishan,Taishan,22.2486,112.785,China,CN,CHN
904,1,3,1,0,1,93,100,100,Solāpur,Solapur,17.6833,75.9167,India,IN,IND
905,1,3,5,0,0,67,84,84,Tangier,Tangier,35.7767,-5.8039,Morocco,MA,MAR
906,0,3,2,1,0,88,77,77,Anqiu,Anqiu,36.3619,119.1072,China,CN,CHN
907,0,1,3,1,0,57,48,51,Feicheng,Feicheng,36.186,116.772,China,CN,CHN
908,1,3,2,1,1,79,84,91,Meishan,Meishan,34.1736,112.839,China,CN,CHN
909,1,2,1,0,0,67,75,72,Kisangani,Kisangani,0.5153,25.1911,Congo (Kinshasa),CD,COD
910,0,4,1,1,1,70,64,70,Khartoum North,Khartoum North,15.6333,32.6333,Sudan,SD,SDN
911,0,3,1,0,0,50,42,48,Aguascalientes,Aguascalientes,21.876,-102.296,Mexico,MX,MEX
912,1,0,2,1,0,69,84,82,Marrakech,Marrakech,31.6295,-7.9811,Morocco,MA,MAR
913,1,2,1,1,1,52,61,66,Donetsk,Donetsk,48.0089,37.8042,Ukraine,UA,UKR
914,1,2,1,0,1,47,62,66,Taihecun,Taihecun,45.768,131.0063,China,CN,CHN
915,1,1,0,0,0,46,61,55,Trujillo,Trujillo,-8.1119,-79.0289,Peru,PE,PER
916,1,4,2,1,0,68,70,66,Cebu City,Cebu City,10.3,123.9,Philippines,PH,PHL
917,0,4,1,1,1,100,100,100,Taihe,Taihe,30.8706,105.3784,China,CN,CHN
918,1,2,3,1,0,44,61,52,Bridgeport,Bridgeport,41.1918,-73.1953,United States,US,USA
919,1,2,0,1,1,57,77,80,Antwerp,Antwerp,51.2206,4.4003,Belgium,BE,BEL
920,0,1,2,1,1,91,96,91,Trichinopoly,Trichinopoly,10.8269,78.6928,India,IN,IND
921,0,3,3,0,0,69,70,67,Xin’an,Xin'an,34.3662,118.3369,China,CN,CHN
922,1,2,3,0,0,35,53,46,Padang,Padang,-0.9556,100.3606,Indonesia,ID,IDN
923,0,3,3,1,0,72,66,66,Qingzhou,Qingzhou,36.6967,118.4797,China,CN,CHN
924,1,1,0,0,0,54,65,65,Buffalo,Buffalo,42.9016,-78.8487,United States,US,USA
925,0,3,3,0,0,74,70,69,Lichuan,Lichuan,30.2965,108.9378,China,CN,CHN
926,0,4,5,1,1,74,64,60,Daye,Daye,30.1003,114.9699,China,CN,CHN
927,0,4,0,0,0,64,56,52,Fort Worth,Fort Worth,32.7811,-97.3473,United States,US,USA
928,1,3,3,0,1,65,61,71,Hengzhou,Hengzhou,22.6896,109.2674,China,CN,CHN
929,0,4,0,0,1,46,43,44,Campo Grande,Campo Grande,-20.4686,-54.6222,Brazil,BR,BRA
930,1,2,5,0,0,48,56,51,Zhuanghe,Zhuanghe,39.6896,122.9664,China,CN,CHN
931,0,2,2,0,1,67,74,70,Hartford,Hartford,41.7661,-72.6834,United States,US,USA
932,0,3,2,0,0,62,57,62,Ad Dammām,Ad Dammam,26.4333,50.1,Saudi Arabia,SA,SAU
933,0,3,0,0,1,61,71,73,Bucheon,Bucheon,37.4989,126.7831,"Korea, South",KR,KOR
934,0,2,1,0,1,70,75,74,Lhasa,Lhasa,29.65,91.1,China,CN,CHN
935,0,2,0,1,1,98,87,90,Homs,Homs,34.7333,36.7167,Syria,SY,SYR
936,0,3,2,0,0,70,63,58,Jiaozhou,Jiaozhou,36.2481,119.9625,China,CN,CHN
937,0,0,0,1,0,67,57,53,Mérida,Merida,20.97,-89.62,Mexico,MX,MEX
938,1,4,3,0,0,57,58,57,Yangchun,Yangchun,22.1717,111.7846,China,CN,CHN
939,0,3,2,1,1,85,81,85,Concepción,Concepcion,-36.82,-73.0445,Chile,CL,CHL
940,0,3,5,1,1,77,68,69,Dengtalu,Dengtalu,36.08,114.35,China,CN,CHN
941,0,2,4,0,1,72,66,72,Hubli,Hubli,15.36,75.125,India,IN,IND
942,1,3,4,1,0,78,91,96,Abeokuta,Abeokuta,7.15,3.35,Nigeria,NG,NGA
943,0,2,3,1,0,81,66,64,Tucson,Tucson,32.1545,-110.8782,United States,US,USA
944,0,0,5,0,1,61,62,61,Krasnodar,Krasnodar,45.0333,38.9833,Russia,RU,RUS
945,1,1,3,1,0,58,68,61,Natal,Natal,-5.795,-35.2089,Brazil,BR,BRA
946,1,2,0,1,0,54,61,58,Chihuahua,Chihuahua,28.6353,-106.0889,Mexico,MX,MEX
947,0,1,3,1,0,82,82,80,Klang,Klang,3.0333,101.45,Malaysia,MY,MYS
948,1,3,2,0,0,49,58,60,Turin,Turin,45.0667,7.7,Italy,IT,ITA
949,0,1,5,0,1,49,50,52,Jos,Jos,9.9333,8.8833,Nigeria,NG,NGA
950,1,4,3,0,1,57,75,73,Laiyang,Laiyang,36.9758,120.7136,China,CN,CHN
951,0,4,3,1,0,94,73,71,Jalandhar,Jalandhar,31.3256,75.5792,India,IN,IND
952,1,3,2,1,1,75,77,83,Sale,Sale,34.05,-6.8167,Morocco,MA,MAR
953,1,4,5,0,0,74,74,72,Marseille,Marseille,43.2964,5.37,France,FR,FRA
954,0,2,3,1,1,58,52,54,Kaifeng Chengguanzhen,Kaifeng Chengguanzhen,34.85,114.35,China,CN,CHN
955,1,2,2,1,0,62,69,69,Eskişehir,Eskisehir,39.7767,30.5206,Turkey,TR,TUR
956,0,4,0,1,0,72,57,62,Gaomi,Gaomi,36.3833,119.75,China,CN,CHN
957,0,2,2,1,0,84,87,81,Teresina,Teresina,-5.0949,-42.8042,Brazil,BR,BRA
958,1,3,4,1,0,92,100,100,Ipoh,Ipoh,4.6,101.07,Malaysia,MY,MYS
959,1,3,3,1,0,45,63,59,Hai’an,Hai'an,32.532,120.4604,China,CN,CHN
960,0,2,3,1,0,75,81,71,Liverpool,Liverpool,53.4,-2.9833,United Kingdom,GB,GBR
961,1,0,2,1,0,56,58,64,Zamboanga City,Zamboanga City,6.9167,122.0833,Philippines,PH,PHL
962,1,3,5,0,0,48,54,53,Oran,Oran,35.6969,-0.6331,Algeria,DZ,DZA
963,1,4,0,1,0,100,100,100,Southampton,Southampton,50.9,-1.4,United Kingdom,GB,GBR
964,1,2,5,0,1,65,76,75,Weichanglu,Weichanglu,37.1792,119.9333,China,CN,CHN
965,0,3,2,1,0,72,57,58,Pekanbaru,Pekanbaru,0.5333,101.45,Indonesia,ID,IDN
966,1,3,2,1,0,62,70,72,Portsmouth,Portsmouth,50.8058,-1.0872,United Kingdom,GB,GBR
967,0,0,5,1,1,66,68,64,Leping,Leping,28.9632,117.1203,China,CN,CHN
968,0,2,2,1,0,63,63,60,Kermānshāh,Kermanshah,34.3167,47.0686,Iran,IR,IRN
969,1,4,0,1,0,68,76,67,Hailun,Hailun,47.4585,126.9632,China,CN,CHN
970,1,1,1,1,0,75,84,80,Macheng,Macheng,31.1817,115.0189,China,CN,CHN
971,1,3,1,1,0,89,100,100,Ilorin,Ilorin,8.5,4.55,Nigeria,NG,NGA
972,0,2,5,1,1,78,72,69,Omaha,Omaha,41.2627,-96.0522,United States,US,USA
973,1,0,3,0,1,53,50,60,Yuci,Yuci,37.6804,112.73,China,CN,CHN
974,1,3,2,0,0,49,65,61,Saratov,Saratov,51.5333,46,Russia,RU,RUS
975,1,0,2,1,0,54,63,67,São Bernardo do Campo,Sao Bernardo do Campo,-23.6939,-46.565,Brazil,BR,BRA
976,1,2,2,1,1,64,82,77,Erbil,Erbil,36.1911,44.0094,Iraq,IQ,IRQ
977,0,1,2,0,1,60,62,60,Iguaçu,Iguacu,-22.74,-43.47,Brazil,BR,BRA
978,0,2,0,1,0,62,65,58,El Paso,El Paso,31.8479,-106.4309,United States,US,USA
979,0,3,3,1,1,55,41,48,Denpasar,Denpasar,-8.6667,115.2167,Indonesia,ID,IDN
980,1,2,0,1,0,91,95,94,Dehui,Dehui,44.5323,125.6965,China,CN,CHN
981,1,1,3,0,0,8,24,23,Naucalpan de Juárez,Naucalpan de Juarez,19.4753,-99.2378,Mexico,MX,MEX
982,0,3,5,1,0,81,78,78,Bhubaneshwar,Bhubaneshwar,20.2644,85.8281,India,IN,IND
983,0,1,5,1,1,79,85,86,Tongchuan,Tongchuan,34.9057,108.9422,China,CN,CHN
984,1,0,2,1,1,78,87,91,Cheongju,Cheongju,36.6372,127.4897,"Korea, South",KR,KOR
985,1,2,5,1,0,74,75,82,Warri,Warri,5.5167,5.75,Nigeria,NG,NGA
986,0,0,3,1,0,57,51,54,Pointe-Noire,Pointe-Noire,-4.7889,11.8653,Congo (Brazzaville),CG,COG
987,1,2,0,1,0,40,59,51,Rongjiawan,Rongjiawan,29.1409,113.1087,China,CN,CHN
988,0,4,5,1,1,81,75,76,Butterworth,Butterworth,5.3942,100.3664,Malaysia,MY,MYS
989,1,0,5,0,0,44,45,45,Bhayandar,Bhayandar,19.3,72.85,India,IN,IND
990,1,3,2,0,1,67,86,83,San Luis Potosí,San Luis Potosi,22.1511,-100.9761,Mexico,MX,MEX
991,0,4,3,0,1,86,81,75,Renqiu,Renqiu,38.7094,116.1008,China,CN,CHN
992,1,1,5,1,1,65,82,78,João Pessoa,Joao Pessoa,-7.12,-34.88,Brazil,BR,BRA
993,1,3,0,0,0,55,76,76,Toluca,Toluca,19.2925,-99.6569,Mexico,MX,MEX
994,1,3,1,0,0,62,72,74,Honolulu,Honolulu,21.3294,-157.846,United States,US,USA
995,0,0,3,1,0,63,63,62,Querétaro,Queretaro,20.5875,-100.3928,Mexico,MX,MEX
996,1,4,4,1,1,88,99,95,Xindi,Xindi,29.8182,113.4653,China,CN,CHN
997,0,2,3,0,0,62,55,55,Wu’an,Wu'an,36.6941,114.1847,China,CN,CHN
998,1,2,3,0,1,59,71,65,Hermosillo,Hermosillo,29.0989,-110.9542,Mexico,MX,MEX
999,1,3,2,1,1,68,78,77,Wutong,Wutong,30.6326,120.5474,China,CN,CHN
1000,1,3,2,0,0,77,86,86,Taguig City,Taguig City,14.5167,121.05,Philippines,PH,PHL